visits_0,visits_1,visits_2,visits_3,visits_4,visits_5,visits_6,result
70,77,67,108,78,57,43,loss
71,77,69,77,58,77,71,win
66,54,74,69,90,73,74,loss
55,73,91,64,70,77,70,win
54,56,65,86,60,90,89,loss
1,1,0,0,1,1,0,win
53,52,74,96,84,73,68,loss
65,60,79,67,97,59,73,win
54,60,86,64,84,101,51,loss
63,57,81,67,92,82,58,win
53,58,87,89,74,72,67,loss
59,73,81,72,84,80,51,win
0,0,0,0,0,0,1,loss
43,57,74,93,59,97,77,win
0,0,0,0,0,0,0,loss
59,65,76,108,60,58,74,win
1,0,1,1,1,1,0,loss
65,59,86,76,64,57,93,win
77,63,89,62,71,56,82,loss
63,67,123,69,55,58,65,win
78,68,68,79,78,62,67,loss
82,73,114,0,86,68,77,win
83,80,66,0,105,75,91,loss
79,105,85,0,0,98,133,win
95,99,78,0,0,110,118,loss
111,95,93,0,0,91,110,win
109,145,109,0,0,137,0,loss
134,140,103,0,0,123,0,win
96,208,95,0,0,101,0,loss
104,164,121,0,0,111,0,win
152,112,105,0,0,131,0,loss
118,142,113,0,0,127,0,win
122,179,85,0,0,114,0,loss
140,0,157,0,0,203,0,win
231,0,103,0,0,166,0,loss
121,0,145,0,0,234,0,win
299,0,201,0,0,0,0,loss
0,0,0,0,0,0,0,win
0,0,1,0,0,0,0,loss
425,0,75,0,0,0,0,win
0,0,500,0,0,0,0,loss
0,0,0,0,0,0,0,win
81,77,73,86,57,60,66,loss
69,70,63,84,69,85,60,win
65,54,89,81,57,83,71,loss
73,101,52,91,62,59,62,win
49,66,91,87,58,75,74,loss
69,55,74,88,65,76,73,win
73,48,108,73,62,70,66,loss
1,1,0,1,1,1,1,win
81,84,56,93,52,79,55,loss
81,72,73,86,55,73,60,win
66,59,66,85,61,90,73,loss
63,83,60,66,65,80,83,win
55,74,58,91,59,88,75,loss
61,90,61,57,67,105,59,win
65,58,71,91,60,82,73,loss
74,78,73,0,62,121,92,win
75,74,76,0,89,101,85,loss
82,78,81,0,64,89,106,win
85,97,93,0,66,69,90,loss
81,92,66,0,77,70,114,win
0,0,0,0,0,0,0,loss
72,134,78,0,62,66,88,win
104,88,88,0,72,60,88,loss
100,72,85,0,80,71,92,win
88,91,83,0,80,62,96,loss
75,118,85,0,69,69,84,win
63,88,87,0,96,81,85,loss
100,100,80,0,68,72,80,win
0,0,0,0,0,0,0,loss
126,0,106,0,94,87,87,win
0,0,1,0,0,1,0,loss
106,0,108,0,83,114,89,win
109,0,127,0,128,0,136,loss
167,0,167,0,166,0,0,win
284,0,86,0,130,0,0,loss
0,0,135,0,365,0,0,win
0,0,211,0,289,0,0,loss
0,0,0,0,0,0,0,win
56,64,80,88,78,76,58,loss
70,60,81,72,74,73,70,win
71,67,87,72,55,70,78,loss
53,73,67,78,59,85,85,win
52,69,85,85,70,75,64,loss
63,60,60,109,55,90,63,win
79,74,84,60,42,96,65,loss
65,62,90,93,58,75,57,win
67,72,87,73,63,65,73,loss
62,60,89,97,53,77,62,win
1,0,0,0,1,0,0,loss
63,68,143,0,76,79,71,win
93,93,79,0,67,73,95,loss
130,73,66,0,70,73,88,win
82,72,95,0,76,82,93,loss
93,61,92,0,70,90,94,win
98,91,94,0,78,66,73,loss
71,88,64,0,91,89,97,win
73,78,70,0,81,89,109,loss
93,97,61,0,82,77,90,win
107,56,106,0,70,80,81,loss
110,91,71,0,76,71,81,win
76,69,115,0,80,88,72,loss
118,78,0,0,83,102,119,win
98,111,0,0,96,107,88,loss
1,0,0,0,1,1,0,win
57,80,78,97,65,59,64,win
76,63,89,74,69,62,67,loss
69,64,72,91,67,72,65,win
54,52,79,86,103,55,71,loss
76,62,71,100,81,61,49,win
1,1,1,0,0,1,0,loss
58,67,94,65,89,62,65,win
67,62,74,67,96,65,69,loss
81,80,72,55,98,56,58,win
68,57,84,61,110,51,69,loss
68,63,88,84,69,63,65,win
67,62,78,86,62,82,63,loss
68,81,86,72,66,66,61,win
1,0,0,1,0,0,0,loss
65,61,69,76,81,71,77,win
74,53,84,74,71,78,66,loss
97,72,0,88,101,62,80,win
77,77,0,107,0,137,102,loss
87,123,0,106,0,80,104,win
110,108,0,84,0,103,95,loss
109,126,0,93,0,71,101,win
0,0,0,1,0,0,0,loss
0,0,0,1,0,0,1,win
59,86,68,92,73,59,63,loss
61,71,72,78,100,57,61,win
88,65,59,77,82,62,67,loss
57,80,70,69,88,70,66,win
77,79,77,66,88,53,60,loss
60,72,77,80,80,65,66,win
79,90,78,80,54,58,61,loss
1,1,0,0,1,1,1,win
65,87,70,113,44,64,57,loss
72,83,62,90,69,61,63,win
49,85,89,89,55,58,75,loss
72,82,69,78,55,69,75,win
58,86,60,70,70,73,83,loss
74,53,82,73,72,74,72,win
51,72,46,98,56,62,115,loss
65,62,79,88,69,62,75,win
85,62,74,63,65,69,82,loss
83,59,82,64,59,52,101,win
94,82,76,56,52,60,80,loss
0,0,1,1,0,1,1,win
72,80,65,76,50,85,72,loss
1,1,1,1,1,0,1,win
0,1,1,0,0,0,1,loss
66,64,83,73,69,81,64,win
1,1,0,1,0,1,0,loss
78,60,88,64,66,80,64,win
61,76,56,63,79,84,81,loss
0,1,1,1,1,0,0,win
69,61,88,85,73,66,58,loss
78,69,75,92,64,60,62,win
50,63,89,100,54,72,72,loss
71,73,78,81,61,75,61,win
75,50,65,84,80,87,59,loss
58,62,86,77,69,93,55,win
56,75,94,79,64,78,54,loss
61,56,102,85,52,80,64,win
62,69,74,77,60,78,80,loss
60,53,87,103,60,65,72,win
74,85,65,73,63,73,67,loss
65,98,64,93,65,58,57,win
0,0,0,0,1,0,1,loss
64,87,72,86,72,68,51,win
67,81,69,70,77,69,67,loss
72,75,67,67,77,71,71,win
75,70,71,82,62,72,68,loss
65,85,61,64,85,58,82,win
63,69,75,81,70,62,80,loss
78,81,93,0,88,67,93,win
68,75,117,0,81,82,77,loss
83,83,92,0,68,83,91,win
74,74,78,0,77,111,86,loss
102,78,89,0,72,89,70,win
0,1,1,0,1,1,1,loss
67,76,97,0,62,101,97,win
90,70,105,0,86,77,72,loss
76,134,0,0,97,90,103,win
128,0,0,0,115,138,119,loss
163,0,0,0,128,114,95,win
129,0,0,0,117,113,141,loss
92,0,0,0,87,93,228,win
110,0,0,0,132,135,123,loss
191,0,0,0,129,0,180,win
174,0,0,0,174,0,152,loss
0,0,0,0,0,0,0,win
78,65,62,80,77,74,64,loss
64,81,80,73,69,64,69,win
63,66,57,69,82,90,73,loss
58,79,69,63,99,75,57,win
65,63,77,87,75,74,59,loss
60,71,51,94,79,81,64,win
59,73,55,80,76,96,61,loss
61,61,58,93,82,90,55,win
52,76,48,93,79,83,69,loss
79,65,50,62,99,89,56,win
66,60,58,77,71,118,50,loss
0,0,0,0,0,0,0,win
68,89,79,73,72,61,58,loss
72,97,60,62,80,58,71,win
76,71,62,74,84,58,75,loss
75,54,45,66,138,69,53,win
69,60,65,64,85,85,72,loss
62,68,65,79,69,79,78,win
75,70,70,77,52,78,78,loss
70,78,73,73,73,60,73,win
77,72,68,74,65,76,68,loss
58,96,67,71,71,79,58,win
1,0,1,1,1,0,0,loss
76,0,95,83,81,87,78,win
1,0,0,1,1,1,1,loss
58,0,89,87,85,102,79,win
112,0,90,98,121,0,79,loss
95,0,120,139,0,0,146,win
1,0,1,1,0,0,0,loss
0,0,0,0,0,0,0,win
132,0,69,176,0,0,123,loss
125,0,186,0,0,0,189,win
265,0,235,0,0,0,0,loss
0,0,0,0,0,0,0,win
338,0,162,0,0,0,0,loss
399,0,101,0,0,0,0,win
256,0,244,0,0,0,0,loss
417,0,83,0,0,0,0,win
0,0,500,0,0,0,0,loss
0,0,0,0,0,0,0,win
47,70,47,97,92,74,73,loss
65,76,81,68,71,74,65,win
63,50,94,61,83,64,85,loss
66,60,65,85,65,88,71,win
62,60,74,83,77,78,66,loss
67,62,76,84,68,84,59,win
61,69,61,72,53,111,73,loss
68,76,83,69,68,74,62,win
80,55,87,83,61,80,54,loss
66,59,69,105,58,73,70,win
90,66,71,57,65,75,76,loss
96,52,62,98,55,83,54,win
0,0,0,0,0,0,1,loss
87,75,98,0,64,106,70,win
105,81,100,0,64,69,81,loss
95,67,104,0,71,81,82,win
96,84,86,0,67,81,86,loss
0,0,0,0,0,0,0,win
82,91,91,0,89,85,62,loss
86,94,0,0,101,123,96,win
94,80,0,0,87,145,94,loss
110,75,0,0,96,97,122,win
81,101,0,0,78,116,124,loss
95,105,0,0,88,126,86,win
121,129,0,0,113,0,137,loss
129,109,0,0,107,0,155,win
131,154,0,0,85,0,130,loss
0,0,0,0,0,0,0,win
162,116,0,0,110,0,112,loss
174,126,0,0,89,0,111,win
0,212,0,0,125,0,163,loss
0,244,0,0,98,0,158,win
0,204,0,0,143,0,153,loss
0,212,0,0,69,0,219,win
0,149,0,0,175,0,176,loss
0,433,0,0,67,0,0,win
0,0,0,0,500,0,0,loss
0,0,0,0,0,0,0,win
0,0,0,0,0,0,0,loss
0,0,0,0,0,0,0,win
61,73,78,101,64,65,58,loss
63,64,73,70,97,70,63,win
64,92,48,105,74,55,62,loss
70,65,65,98,73,77,52,win
97,77,59,73,66,61,67,loss
55,89,63,89,89,54,61,win
64,94,80,85,56,55,66,loss
1,0,0,1,0,0,0,win
74,65,80,87,69,66,59,loss
75,84,90,59,81,51,60,win
84,84,74,63,67,59,69,loss
74,63,102,55,85,49,72,win
1,0,0,1,1,0,0,loss
118,48,59,60,73,75,67,win
59,80,100,65,74,63,59,loss
83,66,71,59,98,55,68,win
65,78,63,60,83,73,78,loss
72,52,73,75,89,72,67,win
77,78,79,72,65,63,66,loss
74,77,0,70,133,68,78,win
1,0,0,1,0,1,0,loss
1,0,0,0,0,0,0,win
59,66,66,103,83,61,62,win
59,70,77,65,85,77,67,loss
73,80,65,88,68,64,62,win
64,71,60,84,87,70,64,loss
78,58,53,88,101,58,64,win
66,85,76,106,57,60,50,loss
75,68,56,95,79,67,60,win
92,85,64,75,63,57,64,loss
60,64,73,90,77,61,75,win
80,79,59,63,67,82,70,loss
69,66,57,52,78,100,78,win
0,1,0,0,1,1,0,loss
70,70,63,54,91,71,81,win
67,70,73,70,76,69,75,loss
65,65,83,65,53,76,93,win
1,1,1,1,1,0,1,loss
56,60,53,67,53,139,72,win
0,0,0,1,1,0,1,loss
76,56,61,70,98,61,78,win
109,92,85,81,0,63,70,loss
88,68,79,100,0,92,73,win
174,78,81,0,0,104,63,loss
0,0,0,0,0,0,0,win
105,116,119,0,0,83,77,loss
93,93,67,0,0,94,153,win
1,1,1,0,0,0,0,loss
0,0,0,0,0,0,0,win
53,66,58,96,87,72,68,loss
71,75,72,86,70,65,61,win
81,71,42,74,96,76,60,loss
54,66,94,66,65,78,77,win
56,56,59,77,71,84,97,loss
1,1,1,1,1,0,1,win
75,42,90,89,64,71,69,loss
53,72,85,78,65,91,56,win
62,56,72,63,92,64,91,loss
60,56,56,88,92,108,40,win
1,1,1,1,1,0,1,loss
59,74,77,90,77,66,57,win
58,51,96,61,124,46,64,loss
0,0,1,0,0,1,0,win
68,63,91,74,79,60,65,loss
65,47,61,108,66,77,76,win
0,1,0,0,0,0,1,loss
61,50,105,95,64,60,65,win
74,64,72,70,69,83,68,loss
56,66,59,72,107,79,61,win
61,58,72,93,69,76,71,loss
86,88,68,0,82,81,95,win
82,62,104,0,74,91,87,loss
77,78,83,0,82,87,93,win
61,69,73,0,93,113,91,loss
62,74,108,0,115,0,141,win
1,1,1,0,0,0,0,loss
78,84,94,0,140,0,104,win
121,134,114,0,0,0,131,loss
136,162,102,0,0,0,100,win
114,132,121,0,0,0,133,loss
176,136,188,0,0,0,0,win
302,198,0,0,0,0,0,loss
336,164,0,0,0,0,0,win
311,189,0,0,0,0,0,loss
399,101,0,0,0,0,0,win
227,273,0,0,0,0,0,loss
0,0,0,0,0,0,0,win
67,57,67,63,83,90,73,loss
69,68,69,90,74,61,69,win
66,86,77,79,45,79,68,loss
57,85,52,88,54,82,82,win
56,74,64,100,67,75,64,loss
61,101,52,73,68,94,51,win
63,91,62,75,61,63,85,loss
58,68,91,82,63,83,55,win
65,91,73,83,51,80,57,loss
67,58,129,72,44,70,60,win
57,93,99,73,56,61,61,loss
76,74,89,61,80,66,54,win
52,120,65,75,47,80,61,loss
0,0,1,0,1,1,1,win
75,0,86,95,75,108,61,loss
91,0,80,79,65,81,104,win
64,0,81,78,68,132,77,loss
0,0,0,0,0,0,0,win
69,0,82,105,82,95,67,loss
71,0,88,112,73,71,85,win
75,0,83,112,75,71,84,loss
112,0,108,0,84,101,95,win
0,0,0,0,0,1,1,loss
0,0,0,0,0,0,0,win
97,0,105,0,99,96,103,loss
107,0,105,0,101,85,102,win
97,0,108,0,88,95,112,loss
104,0,89,0,94,96,117,win
110,0,91,0,89,98,112,loss
118,0,94,0,72,108,108,win
0,0,0,0,1,1,1,loss
0,0,156,0,97,122,125,win
0,0,0,0,150,183,167,loss
0,0,0,0,116,192,192,win
0,0,0,0,190,172,138,loss
0,0,0,0,0,1,0,win
64,75,82,85,68,73,53,win
82,62,65,78,75,72,66,loss
56,72,53,85,72,92,70,win
57,61,64,85,97,79,57,loss
62,56,62,89,91,81,59,win
88,71,62,81,81,68,49,loss
90,44,66,96,63,70,71,win
91,59,58,84,77,79,52,loss
0,0,0,0,0,0,0,win
58,70,63,95,73,78,63,loss
59,55,59,77,72,112,66,win
57,65,59,82,94,82,61,loss
61,60,59,69,76,109,66,win
1,1,1,1,1,0,1,loss
67,85,57,72,88,65,66,win
72,61,75,99,66,64,63,loss
67,62,68,94,67,71,71,win
79,71,59,82,75,75,59,loss
94,83,78,0,85,70,90,win
82,84,93,0,96,78,67,loss
78,88,88,0,79,93,74,win
87,80,69,0,91,93,80,loss
109,96,90,0,103,0,102,win
0,118,131,0,131,0,120,loss
0,189,144,0,0,0,167,win
0,178,167,0,0,0,155,loss
0,182,150,0,0,0,168,win
0,238,118,0,0,0,144,loss
0,196,132,0,0,0,172,win
0,204,140,0,0,0,156,loss
0,0,190,0,0,0,310,win
0,0,1,0,0,0,0,loss
0,0,1,0,0,0,0,win
0,0,1,0,0,0,0,loss
0,0,339,0,0,0,161,win
0,0,0,0,0,0,0,loss
0,0,0,0,0,0,0,win
0,0,255,0,0,0,245,loss
0,0,0,0,0,0,1,win
57,63,77,87,83,71,62,loss
53,69,78,73,69,92,66,win
55,78,63,74,90,88,52,loss
67,59,90,84,66,74,60,win
62,65,74,79,94,65,61,loss
52,56,77,80,84,89,62,win
53,56,66,74,108,79,64,loss
0,1,0,0,0,1,0,win
57,64,96,74,62,67,80,loss
65,53,96,77,49,103,57,win
1,0,1,1,0,0,1,loss
53,49,95,111,73,56,63,win
59,64,111,85,58,66,57,loss
67,46,85,72,76,80,74,win
87,70,59,74,89,54,67,loss
69,67,60,82,66,78,78,win
68,58,70,115,53,75,61,loss
55,51,79,134,58,55,68,win
72,82,72,78,68,65,63,loss
0,0,0,0,0,0,0,win
76,89,66,53,66,92,58,loss
1,0,0,1,1,0,1,win
77,122,75,72,75,0,79,loss
73,89,90,83,74,0,91,win
0,1,0,1,1,0,0,loss
75,109,0,149,96,0,71,win
97,190,0,0,118,0,95,loss
104,164,0,0,123,0,109,win
154,109,0,0,129,0,108,loss
104,129,0,0,134,0,133,win
195,171,0,0,0,0,134,loss
123,194,0,0,0,0,183,win
269,0,0,0,0,0,231,loss
0,0,0,0,0,0,1,win
0,0,0,0,0,0,0,loss
0,0,0,0,0,0,1,win
62,62,80,88,67,68,73,win
78,71,76,84,84,61,46,loss
75,71,92,70,60,65,67,win
68,92,58,86,74,65,57,loss
63,76,71,63,71,102,54,win
0,1,0,1,0,0,0,loss
49,47,78,91,81,81,73,win
56,72,61,67,90,90,64,loss
48,56,98,78,83,87,50,win
55,64,89,73,97,64,58,loss
1,0,0,0,0,1,1,win
63,62,79,64,69,82,81,loss
50,55,98,106,52,83,56,win
68,73,85,90,44,56,84,loss
52,79,92,58,71,94,54,win
63,72,95,71,75,48,76,loss
71,61,87,63,49,128,41,win
0,0,0,0,0,0,0,loss
0,0,0,0,0,0,1,win
61,74,78,82,87,57,61,win
64,70,68,83,83,67,65,loss
70,72,89,84,71,59,55,win
65,64,80,73,73,72,73,loss
49,74,82,84,84,60,67,win
72,59,96,102,78,47,46,loss
70,85,95,55,64,74,57,win
72,44,83,91,70,79,61,loss
58,75,78,96,69,53,71,win
70,69,73,48,93,79,68,loss
53,89,102,57,68,60,71,win
50,70,76,78,81,67,78,loss
59,77,115,47,87,53,62,win
1,1,0,1,0,0,0,loss
64,112,0,63,132,60,69,win
88,59,0,92,73,86,102,loss
72,102,0,94,73,59,100,win
93,56,0,72,79,94,106,loss
85,95,0,62,75,73,110,win
91,77,0,76,76,92,88,loss
0,0,0,1,1,0,0,win
61,64,0,71,74,99,131,loss
1,1,0,1,1,0,1,win
81,75,0,91,89,81,83,loss
91,105,0,0,102,95,107,win
103,87,0,0,103,127,80,loss
73,103,0,0,132,87,105,win
1,1,0,0,0,0,0,loss
88,73,0,0,135,131,73,win
157,114,0,0,0,112,117,loss
128,124,0,0,0,129,119,win
195,145,0,0,0,0,160,loss
161,175,0,0,0,0,164,win
1,0,0,0,0,0,0,loss
1,0,0,0,0,0,0,win
67,60,80,83,74,50,86,win
77,64,64,101,55,71,68,loss
67,86,74,88,56,66,63,win
64,67,68,71,83,63,84,loss
59,75,62,92,71,80,61,win
55,67,68,82,74,79,75,loss
58,92,58,73,89,71,59,win
52,73,68,80,92,73,62,loss
58,81,80,69,76,87,49,win
48,84,61,79,81,74,73,loss
72,70,60,84,83,74,57,win
87,85,65,50,77,66,70,loss
63,75,66,49,80,107,60,win
79,78,57,72,56,88,70,loss
65,62,71,68,82,81,71,win
0,0,0,0,0,0,0,loss
1,1,1,1,1,0,0,win
59,61,40,100,99,73,68,loss
1,1,0,0,0,1,0,win
61,70,51,65,77,97,79,loss
67,75,74,49,72,88,75,win
85,86,58,83,72,55,61,loss
67,85,65,76,86,51,70,win
80,79,62,62,64,71,82,loss
62,66,95,70,59,81,67,win
0,0,0,0,1,0,1,loss
1,0,0,0,0,0,0,win
66,79,72,98,64,65,56,loss
59,72,88,84,66,69,62,win
65,59,79,98,68,71,60,loss
53,62,89,87,84,62,63,win
74,66,79,73,70,69,69,loss
67,67,67,77,66,79,77,win
56,70,66,102,59,72,75,loss
0,0,0,0,0,0,0,win
69,68,68,62,69,91,73,loss
65,79,80,66,70,85,55,win
70,78,71,75,66,75,65,loss
66,71,77,73,67,73,73,win
65,48,91,82,75,82,57,loss
65,53,64,97,75,86,60,win
67,78,68,74,69,58,86,loss
68,67,67,66,75,63,94,win
66,72,66,69,76,74,77,loss
82,70,56,72,76,69,75,win
75,73,67,65,74,83,63,loss
102,70,66,69,72,69,52,win
93,67,70,58,66,76,70,loss
77,61,78,62,71,81,70,win
72,58,74,77,59,86,74,loss
97,76,95,79,71,0,82,win
90,65,85,91,86,0,83,loss
109,89,96,0,107,0,99,win
116,68,86,0,118,0,112,loss
0,96,129,0,155,0,120,win
0,108,155,0,117,0,120,loss
0,132,0,0,194,0,174,win
0,110,0,0,153,0,237,loss
0,99,0,0,158,0,243,win
0,181,0,0,117,0,202,loss
0,134,0,0,366,0,0,win
0,1,0,0,0,0,0,loss
0,1,0,0,0,0,0,win
74,73,72,82,61,71,67,win
59,71,78,84,71,75,62,loss
71,65,96,63,71,74,60,win
70,83,67,58,99,64,59,loss
78,63,83,70,75,73,58,win
79,79,93,57,70,59,63,loss
106,75,70,65,72,67,45,win
0,0,0,0,0,0,0,loss
77,49,79,100,68,56,71,win
65,77,73,86,85,49,65,loss
84,56,95,57,88,57,63,win
48,67,42,87,121,83,52,loss
71,78,69,80,80,62,60,win
79,65,60,70,100,68,58,loss
1,1,1,0,0,0,1,win
92,86,61,61,64,64,72,loss
78,73,65,51,88,66,79,win
65,65,76,85,85,54,70,loss
72,67,91,113,0,77,80,win
106,89,111,0,0,83,111,loss
103,85,127,0,0,93,92,win
106,92,102,0,0,101,99,loss
179,55,94,0,0,72,100,win
90,104,104,0,0,94,108,loss
111,107,109,0,0,64,109,win
80,66,106,0,0,87,161,loss
1,0,0,0,0,0,0,win
100,64,116,0,0,94,126,loss
104,108,112,0,0,83,93,win
146,81,0,0,0,118,155,loss
234,151,0,0,0,115,0,win
0,189,0,0,0,311,0,loss
0,1,0,0,0,0,0,win
0,0,0,0,0,0,0,loss
0,1,0,0,0,0,0,win
0,1,0,0,0,0,0,loss
0,127,0,0,0,373,0,win
0,500,0,0,0,0,0,loss
0,0,0,0,0,0,0,win
72,68,78,88,65,75,54,loss
69,74,80,65,73,76,63,win
60,60,62,96,57,81,84,loss
51,57,78,98,70,75,71,win
81,74,67,55,66,74,83,loss
64,68,76,68,68,85,71,win
49,75,92,68,58,86,72,loss
53,65,96,72,74,79,61,win
59,70,69,71,59,94,78,loss
57,54,102,81,67,82,57,win
65,73,85,64,62,68,83,loss
70,63,59,88,59,77,84,win
82,64,54,72,74,81,73,loss
71,47,64,90,73,74,81,win
0,0,0,0,0,0,0,loss
99,83,82,0,71,93,72,win
97,70,87,0,89,81,76,loss
106,73,86,0,67,85,83,win
90,65,97,0,83,62,103,loss
82,94,75,0,61,78,110,win
85,61,75,0,110,95,74,loss
1,1,0,0,0,0,1,win
78,60,73,84,68,77,60,win
90,73,71,64,73,66,63,loss
71,56,65,86,73,76,73,win
69,63,63,72,77,85,71,loss
51,67,73,79,67,79,84,win
82,47,60,67,73,99,72,loss
67,64,43,93,70,88,75,win
0,0,0,0,1,0,0,loss
56,72,83,72,58,87,72,win
76,68,73,76,64,73,70,loss
99,63,63,56,76,67,76,win
84,80,77,66,72,58,63,loss
60,79,73,69,69,74,76,win
66,91,87,64,79,59,54,loss
65,64,66,81,89,68,67,win
0,0,0,1,1,0,0,loss
68,103,41,59,81,61,87,win
70,70,83,70,61,74,72,loss
0,1,0,0,0,0,0,win
67,65,65,71,77,88,67,loss
45,63,64,89,89,81,69,win
65,87,71,71,75,73,58,loss
76,81,55,83,79,68,58,win
89,59,51,79,88,72,62,loss
59,53,82,96,73,63,74,win
56,68,65,74,77,71,89,loss
52,78,49,99,77,74,71,win
71,65,65,87,57,81,74,loss
65,69,55,62,72,93,84,win
63,59,42,51,117,85,83,loss
71,73,57,79,70,83,67,win
68,52,69,65,74,99,73,loss
112,91,48,63,56,46,84,win
76,77,58,73,63,63,90,loss
60,83,65,76,69,62,85,win
70,79,73,79,71,71,57,loss
89,59,63,83,60,58,88,win
61,67,62,102,70,76,62,loss
1,0,0,0,0,0,0,win
81,84,50,0,88,86,111,loss
100,68,84,0,66,71,111,win
85,85,59,0,124,71,76,loss
1,0,1,0,0,1,0,win
98,85,87,0,72,69,89,loss
78,97,67,0,86,85,87,win
85,96,75,0,87,72,85,loss
87,102,51,0,91,85,84,win
75,106,84,0,61,89,85,loss
112,0,84,0,84,90,130,win
133,0,128,0,114,125,0,loss
132,0,88,0,132,148,0,win
109,0,150,0,108,133,0,loss
0,0,0,0,1,0,0,win
73,64,93,80,65,73,52,win
57,67,69,86,91,70,60,loss
66,68,101,67,81,54,63,win
65,74,72,83,78,78,50,loss
46,54,83,72,58,81,106,win
55,70,77,90,86,66,56,loss
70,65,101,74,73,53,64,win
0,1,0,0,1,1,1,loss
79,66,54,105,67,67,62,win
79,70,51,86,71,67,76,loss
69,62,83,67,77,57,85,win
74,74,80,66,65,74,67,loss
55,95,80,51,66,51,102,win
1,1,1,1,1,1,0,loss
57,78,73,81,79,57,75,win
57,83,65,68,71,81,75,loss
70,67,76,64,68,72,83,win
59,82,74,63,81,71,70,loss
57,106,60,57,72,73,75,win
68,84,63,74,66,66,79,loss
80,75,73,81,67,60,64,win
80,72,85,0,91,89,83,loss
1,0,0,0,0,1,0,win
52,90,77,69,101,55,56,win
71,61,76,80,69,77,66,loss
83,64,84,79,89,44,57,win
82,73,74,66,94,54,57,loss
72,63,68,96,88,52,61,win
83,69,66,74,96,40,72,loss
66,91,59,73,68,83,60,win
71,75,54,68,95,66,71,loss
1,0,1,1,0,0,1,win
69,97,70,112,0,63,89,loss
74,116,63,96,0,76,75,win
56,74,70,118,0,89,93,loss
81,97,80,88,0,60,94,win
0,0,0,1,0,0,1,loss
72,71,80,113,0,57,107,win
81,76,75,87,0,79,102,loss
67,81,94,68,0,57,133,win
93,74,69,98,0,91,75,loss
110,104,108,0,0,83,95,win
112,115,66,0,0,98,109,loss
130,110,94,0,0,62,104,win
110,87,84,0,0,129,90,loss
0,0,0,0,0,0,0,win
61,65,72,104,78,51,69,win
78,60,72,74,86,69,61,loss
78,66,61,95,81,54,65,win
68,69,79,88,64,61,71,loss
78,72,62,89,75,52,72,win
63,62,76,59,88,69,83,loss
66,57,74,59,100,54,90,win
81,79,64,59,79,60,78,loss
79,60,62,59,81,78,81,win
93,65,63,72,75,64,68,loss
84,65,55,67,88,68,73,win
0,0,0,0,0,0,0,loss
115,61,73,87,0,85,79,win
77,81,86,80,0,81,95,loss
87,75,77,87,0,91,83,win
80,80,75,89,0,74,102,loss
80,79,85,68,0,73,115,win
88,79,88,76,0,88,81,loss
90,82,77,77,0,90,84,win
72,85,80,83,0,99,81,loss
96,64,71,92,0,92,85,win
88,77,73,96,0,85,81,loss
104,82,78,92,0,75,69,win
0,0,0,0,0,1,1,loss
0,106,94,112,0,76,112,win
0,125,123,0,0,123,129,loss
0,132,124,0,0,102,142,win
0,125,127,0,0,119,129,loss
0,218,125,0,0,157,0,win
0,208,155,0,0,137,0,loss
0,269,102,0,0,129,0,win
0,197,165,0,0,138,0,loss
0,213,163,0,0,124,0,win
0,157,187,0,0,156,0,loss
0,1,0,0,0,1,0,win
67,85,53,73,83,69,70,win
65,67,72,94,56,68,78,loss
61,68,59,84,97,77,54,win
72,82,67,107,68,50,54,loss
62,74,59,70,113,55,67,win
1,1,1,0,0,1,1,loss
67,65,75,110,58,62,63,win
82,59,63,81,86,58,71,loss
66,80,69,93,54,63,75,win
96,71,67,86,53,61,66,loss
68,76,88,78,60,67,63,win
79,63,79,71,63,72,73,loss
72,59,100,71,57,56,85,win
97,65,65,75,61,70,67,loss
0,0,0,1,0,0,0,win
66,58,88,90,58,69,71,loss
70,53,87,62,84,69,75,win
1,1,0,0,1,0,0,loss
76,70,88,79,50,70,67,win
82,91,67,76,65,58,61,loss
74,41,76,71,70,92,76,win
0,0,1,0,1,0,0,loss
0,0,0,0,0,0,0,win
60,63,70,92,80,72,63,win
61,73,75,87,68,77,59,loss
78,64,90,63,72,71,62,win
59,87,77,63,88,73,53,loss
105,99,65,67,66,47,51,win
0,0,0,0,0,0,1,loss
71,79,80,88,77,50,55,win
59,83,84,60,96,56,62,loss
46,67,110,69,95,65,48,win
52,69,108,72,104,40,55,loss
85,55,72,73,95,59,61,win
47,95,70,86,76,56,70,loss
74,53,82,91,78,49,73,win
77,87,63,75,70,63,65,loss
1,0,1,1,1,1,1,win
58,68,78,84,70,65,77,loss
90,59,108,56,64,59,64,win
0,1,0,1,0,0,0,loss
60,68,99,71,62,70,70,win
59,63,77,80,72,72,77,loss
69,76,102,0,79,89,85,win
96,93,0,0,108,110,93,loss
1,1,0,0,1,0,1,win
75,78,82,74,55,72,64,win
73,85,63,74,55,75,75,loss
63,91,68,86,69,68,55,win
51,76,89,67,79,73,65,loss
60,76,96,78,73,61,56,win
67,72,81,73,69,86,52,loss
52,66,91,81,72,89,49,win
68,66,75,59,79,85,68,loss
52,69,69,70,86,91,63,win
53,77,85,87,68,66,64,loss
84,72,87,70,59,58,70,win
0,0,0,0,0,0,1,loss
54,89,0,102,92,62,101,win
67,75,0,61,108,61,128,loss
0,0,0,0,0,0,0,win
93,67,0,102,77,84,77,loss
82,87,0,105,50,111,65,win
81,75,0,113,68,75,88,loss
78,83,0,104,56,115,64,win
1,0,0,1,0,0,0,loss
99,123,0,109,75,0,94,win
0,0,0,1,0,0,1,loss
104,78,0,129,112,0,77,win
80,91,0,122,91,0,116,loss
176,133,0,0,68,0,123,win
0,0,0,0,0,0,0,loss
144,133,0,0,98,0,125,win
100,158,0,0,111,0,131,loss
110,151,0,0,115,0,124,win
193,0,0,0,123,0,184,loss
187,0,0,0,113,0,200,win
156,0,0,0,129,0,215,loss
233,0,0,0,89,0,178,win
189,0,0,0,155,0,156,loss
0,0,0,0,98,0,402,win
0,0,0,0,262,0,238,loss
0,0,0,0,0,0,0,win
54,74,61,78,63,87,83,loss
53,76,75,87,56,68,85,win
73,66,63,72,55,96,75,loss
70,71,67,88,54,96,54,win
56,74,90,68,69,87,56,loss
76,64,98,92,51,62,57,win
58,64,81,95,70,69,63,loss
69,56,101,86,45,74,69,win
69,68,67,90,84,68,54,loss
60,62,101,93,48,74,62,win
1,1,0,1,1,0,0,loss
77,66,58,92,68,88,51,win
85,66,59,59,63,112,56,loss
93,77,63,68,55,79,65,win
62,56,75,88,69,69,81,loss
76,90,65,75,50,78,66,win
0,0,1,1,0,1,1,loss
78,104,54,67,70,67,60,win
76,83,68,66,61,68,78,loss
69,75,70,104,62,55,65,win
70,88,81,0,113,74,74,loss
96,83,75,0,72,94,80,win
53,69,79,0,135,96,68,loss
1,1,1,0,0,1,1,win
55,124,64,0,65,103,89,loss
96,97,100,0,72,72,63,win
67,110,0,0,124,101,98,loss
1,0,0,0,0,1,1,win
78,124,0,0,86,74,138,loss
0,0,0,0,0,0,0,win
88,101,0,0,110,97,104,loss
121,111,0,0,0,128,140,win
113,120,0,0,0,127,140,loss
100,157,0,0,0,130,113,win
122,0,0,0,0,254,124,loss
0,0,0,0,0,0,1,win
55,67,65,84,89,65,75,win
48,74,71,74,85,79,69,loss
66,74,68,88,77,67,60,win
62,64,106,64,70,67,67,loss
62,53,87,65,71,75,87,win
58,64,73,88,51,93,73,loss
77,63,82,80,62,81,55,win
50,77,79,70,83,87,54,loss
55,61,128,72,64,72,48,win
0,0,0,0,0,0,0,loss
71,79,47,92,69,79,63,win
51,65,62,73,97,103,49,loss
0,0,0,0,0,0,0,win
62,58,59,87,98,67,69,loss
72,85,52,58,107,62,64,win
78,81,63,84,66,70,58,loss
1,0,1,0,1,1,1,win
49,75,95,88,73,53,67,loss
64,79,60,93,79,57,68,win
64,62,76,97,72,86,43,loss
55,57,67,86,63,84,88,win
47,69,83,58,96,86,61,loss
66,53,84,82,80,60,75,win
59,74,90,77,60,60,80,loss
59,64,82,91,77,59,68,win
66,67,75,92,58,69,73,loss
74,72,66,60,77,72,79,win
70,71,63,78,78,73,67,loss
70,80,48,64,89,59,90,win
0,0,0,0,1,1,0,loss
71,88,61,64,84,66,66,win
77,116,60,58,63,69,57,loss
0,0,0,0,0,1,0,win
53,105,100,66,68,59,49,loss
0,0,0,0,0,0,0,win
79,55,96,82,78,55,55,loss
73,53,79,78,73,67,77,win
87,59,63,117,76,47,51,loss
0,1,1,1,1,1,1,win
112,59,71,59,88,52,59,loss
84,59,73,82,65,65,72,win
70,62,86,72,71,71,68,loss
80,91,0,86,78,97,68,win
66,70,0,95,106,86,77,loss
0,0,0,0,0,0,0,win
61,81,69,95,66,71,57,win
68,77,60,70,82,77,66,loss
77,86,69,87,84,46,51,win
52,67,78,84,86,64,69,loss
68,85,60,62,99,56,70,win
69,63,69,101,72,66,60,loss
74,62,72,84,85,61,62,win
68,50,72,76,75,66,93,loss
66,65,77,71,77,83,61,win
71,68,71,75,78,64,73,loss
72,82,63,72,75,73,63,win
85,66,71,81,59,65,73,loss
77,81,63,54,75,77,73,win
79,84,58,78,61,65,75,loss
90,66,62,76,69,69,68,win
68,81,60,88,54,58,91,loss
82,66,81,55,69,80,67,win
59,87,56,81,55,58,104,loss
0,1,1,0,0,1,0,win
85,74,59,69,71,67,75,loss
71,81,76,71,77,65,59,win
76,64,60,92,71,60,77,loss
74,67,73,73,73,67,73,win
56,60,77,98,66,76,67,loss
0,0,0,0,0,0,1,win
75,79,79,0,88,90,89,loss
66,88,92,0,84,85,85,win
0,0,0,0,1,1,1,loss
0,0,0,0,1,1,0,win
63,67,59,95,84,72,60,win
67,55,78,74,74,90,62,loss
63,55,76,89,79,86,52,win
73,68,84,77,51,85,62,loss
63,80,69,87,55,70,76,win
1,1,1,0,1,0,1,loss
61,68,81,74,45,113,58,win
74,63,77,62,66,73,85,loss
75,76,83,63,57,77,69,win
77,93,69,62,73,65,61,loss
76,84,86,50,59,77,68,win
85,90,91,63,60,51,60,loss
73,140,67,43,57,65,55,win
54,73,80,66,78,77,72,loss
73,79,73,84,60,64,67,win
63,67,132,70,46,60,62,loss
1,1,0,1,1,1,1,win
73,80,0,84,76,111,76,loss
79,74,0,79,67,107,94,win
87,98,0,76,76,71,92,loss
83,83,0,82,70,99,83,win
77,109,0,108,117,0,89,loss
0,0,0,1,0,0,0,win
68,79,75,77,73,61,67,loss
50,71,91,98,70,66,54,win
56,86,66,83,79,72,58,loss
61,55,67,71,86,96,64,win
57,77,71,91,75,64,65,loss
46,86,56,55,142,50,65,win
1,1,0,1,1,1,0,loss
1,1,0,1,1,0,1,win
72,59,62,98,86,55,68,win
66,87,51,89,88,62,57,loss
67,65,59,76,77,80,76,win
58,56,82,75,87,77,65,loss
73,67,57,102,72,70,59,win
72,71,62,57,86,74,78,loss
69,70,67,73,75,77,69,win
45,65,62,53,124,82,69,loss
0,0,0,0,0,0,0,win
68,77,78,67,62,77,71,loss
55,80,101,63,76,66,59,win
1,0,1,0,1,1,1,loss
65,71,93,87,60,60,64,win
62,82,71,74,58,79,74,loss
71,96,96,74,68,51,44,win
62,93,70,58,84,66,67,loss
79,67,79,84,68,54,69,win
62,63,87,77,62,83,66,loss
77,82,82,96,54,56,53,win
0,0,0,0,0,1,0,loss
75,80,91,0,77,90,87,win
70,99,79,0,70,115,67,loss
1,0,1,0,0,0,1,win
0,0,0,0,0,0,0,loss
83,88,89,0,80,86,74,win
96,96,0,0,106,111,91,loss
119,143,0,0,127,0,111,win
1,1,0,0,0,0,1,loss
128,117,0,0,139,0,116,win
180,156,0,0,0,0,164,loss
167,163,0,0,0,0,170,win
200,148,0,0,0,0,152,loss
0,0,0,0,0,0,1,win
73,71,77,106,59,48,66,win
61,71,80,83,65,73,67,loss
67,79,78,73,89,59,55,win
63,65,75,70,62,105,60,loss
52,87,100,64,84,64,49,win
0,0,1,0,0,0,1,loss
61,69,86,87,75,71,51,win
71,69,83,55,81,92,49,loss
55,67,85,67,94,79,53,win
67,53,59,70,80,103,68,loss
0,0,0,0,1,0,0,win
66,67,74,93,96,45,59,loss
59,61,77,107,82,47,67,win
60,91,76,50,102,68,53,loss
64,86,71,107,64,64,44,win
0,0,0,0,0,0,1,loss
57,104,86,0,105,96,52,win
81,110,87,0,76,75,71,loss
61,114,100,0,74,90,61,win
72,66,139,0,77,79,67,loss
61,77,99,0,87,93,83,win
77,73,96,0,90,80,84,loss
42,89,104,0,96,95,74,win
0,0,1,0,0,0,0,loss
0,0,0,0,0,0,0,win
76,61,70,102,76,55,60,win
62,71,55,84,86,81,61,loss
76,79,87,68,86,51,53,win
82,90,70,60,84,60,54,loss
51,106,73,78,71,73,48,win
55,94,65,97,66,52,71,loss
72,67,71,76,77,64,73,win
59,84,58,84,68,63,84,loss
61,90,66,97,74,58,54,win
61,105,57,66,78,51,82,loss
82,61,52,102,60,68,75,win
72,93,64,86,76,59,50,loss
0,0,0,0,0,0,0,win
89,0,72,81,82,74,102,loss
95,0,61,127,82,66,69,win
1,0,1,0,1,1,1,loss
134,0,58,0,98,96,114,win
102,0,98,0,108,93,99,loss
119,0,76,0,99,120,86,win
113,0,73,0,120,99,95,loss
69,0,107,0,91,131,102,win
60,0,70,0,159,105,106,loss
1,0,1,0,0,1,1,win
123,0,87,0,0,149,141,loss
142,0,89,0,0,162,107,win
118,0,105,0,0,128,149,loss
147,0,75,0,0,108,170,win
129,0,112,0,0,143,116,loss
163,0,69,0,0,108,160,win
126,0,108,0,0,129,137,loss
201,0,81,0,0,110,108,win
0,0,0,0,0,1,1,loss
147,0,75,0,0,128,150,win
124,0,124,0,0,144,108,loss
179,0,90,0,0,0,231,win
270,0,230,0,0,0,0,loss
434,0,66,0,0,0,0,win
0,0,500,0,0,0,0,loss
0,0,0,0,0,0,0,win
77,74,75,92,69,62,51,loss
73,66,79,81,61,62,78,win
62,73,74,63,71,83,74,loss
69,59,76,76,89,64,67,win
84,58,77,72,71,82,56,loss
55,94,80,70,74,64,63,win
69,70,78,65,81,78,59,loss
76,74,48,78,87,84,53,win
81,85,61,66,80,73,54,loss
70,86,68,76,67,78,55,win
71,71,77,82,72,60,67,loss
63,103,47,85,63,67,72,win
58,82,72,90,58,70,70,loss
69,86,73,71,67,80,54,win
0,0,0,1,1,1,1,loss
87,0,68,96,95,82,72,win
79,0,66,109,93,80,73,loss
0,0,0,0,1,1,0,win
108,0,115,0,109,85,83,loss
85,0,58,0,151,97,109,win
0,0,0,0,0,0,0,loss
143,0,78,0,0,140,139,win
121,0,126,0,0,129,124,loss
139,0,126,0,0,136,99,win
116,0,105,0,0,154,125,loss
0,0,0,0,0,0,0,win
151,0,141,0,0,98,110,loss
147,0,85,0,0,120,148,win
122,0,143,0,0,138,97,loss
0,0,0,0,0,1,0,win
67,51,59,98,80,78,67,win
73,59,90,68,63,89,58,loss
80,55,67,100,60,69,69,win
77,53,80,71,80,59,80,loss
68,68,89,83,59,68,65,win
62,73,76,84,63,77,65,loss
54,64,81,92,51,77,81,win
86,74,83,55,66,68,68,loss
62,68,93,75,73,67,62,win
88,71,69,61,75,57,79,loss
62,73,89,70,67,78,61,win
0,0,0,0,1,0,0,loss
117,82,0,72,79,71,79,win
77,80,0,81,105,90,67,loss
104,89,0,93,73,76,65,win
99,77,0,81,99,72,72,loss
64,115,0,67,107,71,76,win
78,82,0,73,99,92,76,loss
60,80,0,73,139,69,79,win
78,78,0,85,85,83,91,loss
82,89,0,83,98,69,79,win
76,93,0,81,81,84,85,loss
66,87,0,84,90,90,83,win
0,0,0,0,0,0,0,loss
79,86,0,89,79,81,86,win
74,87,0,70,73,101,95,loss
0,1,0,1,0,0,0,win
77,73,74,80,74,67,55,win
62,78,71,69,84,74,62,loss
71,69,75,86,78,57,64,win
64,76,71,90,79,53,67,loss
73,67,69,91,88,49,63,win
59,71,73,70,95,68,64,loss
61,74,73,55,107,79,51,win
68,65,88,64,90,61,64,loss
76,70,95,49,61,75,74,win
57,92,94,69,59,51,78,loss
0,0,0,0,0,1,0,win
0,0,0,0,0,0,0,loss
70,64,90,55,81,68,72,win
60,72,96,63,63,81,65,loss
0,1,0,1,1,0,1,win
72,88,52,72,68,76,72,loss
64,47,76,73,42,121,77,win
0,0,0,0,0,0,0,loss
1,1,0,1,0,0,0,win
61,73,80,94,69,71,52,win
57,76,79,69,83,65,71,loss
75,64,89,80,73,63,56,win
86,92,65,69,69,57,62,loss
56,59,72,84,98,62,69,win
54,87,97,76,78,54,54,loss
47,68,81,70,72,85,77,win
51,77,96,85,85,47,59,loss
65,60,109,83,71,55,57,win
85,88,57,74,82,65,49,loss
58,73,83,69,81,66,70,win
69,94,70,75,76,59,57,loss
0,0,0,1,1,0,1,win
64,62,92,58,99,64,61,loss
51,63,55,69,77,106,79,win
75,75,82,74,51,79,64,loss
65,68,0,82,63,128,94,win
0,1,0,1,0,0,0,loss
78,72,0,82,92,93,83,win
104,107,0,79,69,85,56,loss
71,85,0,80,83,87,94,win
84,78,0,121,71,61,85,loss
1,0,0,0,0,0,0,win
80,67,67,99,66,55,66,win
57,81,66,80,87,69,60,loss
59,87,66,83,85,53,67,win
85,64,81,73,80,62,55,loss
76,67,71,87,88,51,60,win
79,89,63,92,55,49,73,loss
62,87,61,85,94,41,70,win
66,96,66,86,72,55,59,loss
72,80,69,69,77,67,66,win
66,91,61,91,82,60,49,loss
78,65,66,99,74,47,71,win
78,70,70,57,85,74,66,loss
81,65,61,68,81,80,64,win
93,56,52,99,72,59,69,loss
68,71,80,71,90,55,65,win
76,68,64,76,70,76,70,loss
72,74,58,63,74,102,57,win
81,61,69,67,69,86,67,loss
81,63,71,75,81,74,55,win
91,79,71,102,0,79,78,loss
109,101,74,0,0,122,94,win
113,120,93,0,0,94,80,loss
103,98,97,0,0,105,97,win
113,101,91,0,0,110,85,loss
122,86,81,0,0,126,85,win
254,95,71,0,0,0,80,loss
0,1,0,0,0,0,1,win
118,136,123,0,0,0,123,loss
196,0,142,0,0,0,162,win
166,0,144,0,0,0,190,loss
0,0,1,0,0,0,0,win
69,70,61,88,85,75,52,loss
57,74,87,81,68,65,68,win
68,62,88,83,68,63,68,loss
73,58,76,98,60,69,66,win
56,66,87,70,76,69,76,loss
65,52,80,79,77,83,64,win
73,61,98,86,50,62,70,loss
1,1,0,0,0,1,1,win
83,57,61,80,57,83,79,loss
64,71,58,73,79,84,71,win
89,53,54,68,56,111,69,loss
53,68,50,87,75,87,80,win
70,52,62,120,54,80,62,loss
61,56,62,81,67,79,94,win
68,81,83,51,53,87,77,loss
63,59,56,65,61,76,120,win
89,85,57,54,38,92,85,loss
0,0,0,0,1,0,0,win
83,87,70,79,63,0,118,loss
94,64,84,84,89,0,85,win
98,80,87,72,52,0,111,loss
88,68,90,87,86,0,81,win
106,94,0,98,82,0,120,loss
1,0,0,1,0,0,0,win
156,127,0,131,86,0,0,loss
139,99,0,131,131,0,0,win
126,158,0,128,88,0,0,loss
1,0,0,1,1,0,0,win
122,127,0,145,106,0,0,loss
133,139,0,127,101,0,0,win
128,114,0,119,139,0,0,loss
1,1,0,0,0,0,0,win
60,66,68,107,69,63,67,win
65,76,74,74,77,69,65,loss
80,78,78,78,50,64,72,win
76,80,88,68,72,60,56,loss
65,68,76,106,64,60,61,win
64,44,90,79,107,54,62,loss
64,58,75,104,84,45,70,win
1,1,1,0,1,1,1,loss
66,78,61,76,116,46,57,win
67,76,84,71,79,59,64,loss
64,58,123,63,67,58,67,win
64,66,76,68,86,64,76,loss
86,78,68,82,69,62,55,win
85,61,73,74,66,79,62,loss
73,74,78,78,74,59,64,win
93,62,82,68,53,68,74,loss
92,72,56,66,73,64,77,win
70,68,80,62,80,68,72,loss
63,73,84,65,70,66,79,win
70,68,81,63,67,77,74,loss
63,85,60,80,81,64,67,win
75,67,79,81,67,61,70,loss
75,75,91,0,79,96,84,win
78,96,73,0,80,84,89,loss
1,0,0,0,1,1,1,win
61,58,76,81,78,61,85,win
79,55,65,72,101,61,67,loss
50,76,83,84,76,57,74,win
66,80,63,96,86,55,54,loss
80,58,61,86,83,67,65,win
71,61,70,70,91,72,65,loss
69,67,54,91,75,62,82,win
60,82,67,74,106,47,64,loss
0,0,0,1,0,0,0,win
68,71,69,73,61,69,89,loss
60,96,70,108,54,53,59,win
0,0,1,0,0,0,0,loss
86,117,86,0,75,56,80,win
86,93,79,0,79,73,90,loss
99,67,94,0,84,53,103,win
86,71,72,0,80,88,103,loss
131,79,85,0,69,65,71,win
1,1,0,0,1,1,1,loss
0,0,0,0,0,0,0,win
69,71,79,87,69,66,59,loss
69,71,85,55,74,80,66,win
85,68,65,83,67,67,65,loss
75,52,76,79,64,76,78,win
72,61,80,71,57,80,79,loss
43,43,95,78,84,66,91,win
81,60,65,76,78,70,70,loss
80,59,93,75,76,56,61,win
0,0,0,1,0,1,0,loss
77,52,48,87,85,74,77,win
97,50,50,54,86,69,94,loss
0,0,1,1,1,1,0,win
50,41,64,76,88,70,111,loss
0,0,0,0,0,0,0,win
57,64,70,75,84,89,61,loss
61,59,59,97,69,97,58,win
70,59,56,125,61,68,61,loss
67,71,77,69,61,90,65,win
78,66,70,71,74,71,70,loss
59,69,65,67,83,83,74,win
1,1,1,0,0,0,0,loss
78,75,68,104,79,0,96,win
69,66,88,99,74,0,104,loss
59,79,77,110,74,0,101,win
82,75,114,0,83,0,146,loss
0,0,1,0,1,0,0,win
108,88,107,0,117,0,80,loss
1,0,0,0,0,0,0,win
69,63,86,78,64,81,59,win
61,70,89,85,79,64,52,loss
60,60,67,95,70,82,66,win
75,83,55,65,89,71,62,loss
81,71,73,80,70,58,67,win
0,0,0,0,0,0,0,loss
54,66,84,84,72,68,72,win
59,68,73,91,101,52,56,loss
50,61,76,122,65,75,51,win
1,0,0,0,0,1,1,loss
73,62,76,56,118,63,52,win
79,63,101,73,70,61,53,loss
74,71,84,81,66,67,57,win
74,87,61,92,73,58,55,loss
77,103,78,51,78,53,60,win
77,62,90,68,87,52,64,loss
73,83,74,68,79,70,53,win
60,74,72,83,88,58,65,loss
76,95,92,70,62,64,41,win
0,0,1,0,1,1,1,loss
1,0,1,1,0,1,1,win
83,65,82,63,79,65,63,loss
57,74,83,72,72,60,82,win
74,88,0,104,80,77,77,loss
93,79,0,0,104,117,107,win
101,95,0,0,129,82,93,loss
105,138,0,0,0,140,117,win
164,111,0,0,0,120,105,loss
75,106,0,0,0,209,110,win
0,0,0,0,0,0,0,loss
91,125,0,0,0,124,160,win
176,116,0,0,0,105,103,loss
0,1,0,0,0,0,1,win
137,136,0,0,0,99,128,loss
238,0,0,0,0,161,101,win
0,0,0,0,0,260,240,loss
0,0,0,0,0,437,63,win
0,0,0,0,0,0,500,loss
0,0,0,0,0,0,0,win
66,62,64,80,91,76,61,win
71,72,73,96,84,48,56,loss
59,67,79,82,86,74,53,win
77,79,58,86,86,56,58,loss
81,78,76,89,70,51,55,win
71,79,77,86,57,67,63,loss
74,98,52,81,74,58,63,win
65,90,65,71,93,50,66,loss
67,93,67,79,76,48,70,win
71,64,50,89,104,65,57,loss
1,1,1,1,0,1,0,win
90,126,58,88,0,56,82,loss
91,87,90,79,0,72,81,win
94,79,55,126,0,69,77,loss
75,94,80,84,0,72,95,win
100,74,54,126,0,65,81,loss
1,1,0,0,0,1,1,win
100,97,76,0,0,106,121,loss
106,121,113,0,0,75,85,win
106,85,83,0,0,132,94,loss
105,93,132,0,0,73,97,win
1,1,0,0,0,1,1,loss
1,0,0,0,0,0,1,win
51,93,70,87,81,66,52,loss
61,67,64,96,69,80,63,win
67,72,71,87,71,74,58,loss
59,79,66,72,65,84,75,win
59,64,74,67,119,58,59,loss
73,57,61,71,77,89,72,win
47,66,58,80,74,90,85,loss
68,87,52,86,61,71,75,win
78,64,62,75,76,91,54,loss
68,80,77,86,59,63,67,win
61,59,73,73,72,87,75,loss
0,0,1,1,0,0,1,win
94,88,73,87,74,0,84,loss
68,107,83,111,59,0,72,win
84,90,84,74,83,0,85,loss
66,82,94,100,62,0,96,win
1,1,1,0,0,0,1,loss
84,116,88,0,90,0,122,win
99,122,111,0,70,0,98,loss
116,103,85,0,91,0,105,win
80,110,130,0,59,0,121,loss
126,132,69,0,80,0,93,win
93,93,107,0,97,0,110,loss
115,112,78,0,98,0,97,win
128,77,99,0,80,0,116,loss
121,105,81,0,87,0,106,win
108,113,92,0,76,0,111,loss
131,0,90,0,103,0,176,win
131,0,133,0,96,0,140,loss
127,0,96,0,125,0,152,win
131,0,133,0,81,0,155,loss
220,0,113,0,167,0,0,win
0,0,318,0,182,0,0,loss
0,0,0,0,0,0,0,win
0,0,0,0,0,0,0,loss
0,0,0,0,0,0,0,win
46,63,75,98,75,71,72,loss
74,66,76,73,65,77,69,win
73,73,64,94,65,72,59,loss
57,80,75,85,64,86,53,win
70,89,70,62,57,96,56,loss
75,64,86,89,65,66,55,win
72,78,81,81,60,62,66,loss
67,71,84,63,71,81,63,win
69,60,90,80,61,78,62,loss
72,63,86,84,68,66,61,win
58,70,115,63,65,65,64,loss
54,70,75,72,72,88,69,win
60,60,75,94,65,75,71,loss
71,75,68,74,67,86,59,win
82,56,79,73,53,77,80,loss
93,64,52,73,65,76,77,win
85,61,92,81,67,63,51,loss
105,51,74,76,55,56,83,win
87,68,66,51,79,70,79,loss
84,85,72,69,59,69,62,win
62,60,72,52,106,80,68,loss
65,71,84,58,86,72,64,win
60,83,82,74,68,70,63,loss
1,0,0,1,1,0,1,win
51,61,95,81,83,59,70,win
82,71,69,85,77,65,51,loss
58,65,86,91,67,71,62,win
61,48,88,80,74,74,75,loss
66,41,80,89,74,83,67,win
60,61,66,82,72,82,77,loss
71,48,97,64,88,60,72,win
63,59,72,63,75,81,87,loss
53,58,87,74,70,91,67,win
67,57,80,61,63,91,81,loss
42,71,106,61,63,92,65,win
90,66,57,62,54,81,90,loss
66,68,80,78,60,81,67,win
88,64,67,64,68,69,80,loss
69,78,79,74,55,73,72,win
1,1,0,1,0,1,0,loss
114,73,0,66,86,83,78,win
110,74,0,74,72,88,82,loss
91,72,0,73,82,91,91,win
69,93,0,71,88,106,73,loss
85,76,0,69,79,79,112,win
93,69,0,90,68,84,96,loss
108,66,0,57,92,81,96,win
101,84,0,91,68,72,84,loss
0,82,0,110,99,102,107,win
0,115,0,86,86,95,118,loss
0,77,0,92,123,97,111,win
0,0,0,0,0,0,0,loss
0,1,0,1,0,0,1,win
69,58,80,80,81,79,53,loss
67,70,66,78,93,65,61,win
51,60,85,97,73,75,59,loss
53,80,78,51,69,108,61,win
70,86,78,52,73,84,57,loss
0,0,0,1,0,0,0,win
56,87,73,106,64,61,53,loss
54,62,69,103,88,67,57,win
76,84,61,80,78,77,44,loss
45,57,81,96,79,83,59,win
73,94,71,53,86,53,70,loss
1,0,1,1,0,1,1,win
69,62,93,75,77,63,61,loss
38,81,75,94,91,61,60,win
0,1,0,0,0,0,0,loss
53,63,88,0,144,97,55,win
152,63,64,0,70,67,84,loss
0,0,0,0,0,1,1,win
87,75,65,0,96,77,100,loss
63,84,109,0,108,75,61,win
0,0,0,0,0,0,0,loss
54,79,124,0,79,95,69,win
0,0,0,0,0,0,1,loss
1,0,1,0,1,0,1,win
68,67,84,83,66,62,70,win
77,74,81,73,73,61,61,loss
69,73,75,78,73,68,64,win
69,94,64,67,68,70,68,loss
50,57,76,80,99,79,59,win
0,0,0,0,0,0,0,loss
57,68,70,108,69,80,48,win
76,58,90,87,81,59,49,loss
52,60,63,102,84,83,56,win
1,1,1,0,1,1,1,loss
70,57,84,58,74,80,77,win
86,82,58,55,56,93,70,loss
90,73,64,77,62,82,52,win
91,70,60,56,76,84,63,loss
64,88,65,62,55,94,72,win
69,62,81,69,79,66,74,loss
71,82,60,56,58,105,68,win
71,78,75,85,80,52,59,loss
81,88,54,62,61,67,87,win
88,63,71,65,84,69,60,loss
66,51,79,66,73,100,65,win
0,0,0,0,0,0,0,loss
88,72,74,122,68,0,76,win
132,106,84,0,90,0,88,loss
0,0,0,0,0,0,0,win
98,102,107,0,90,0,103,loss
163,137,0,0,70,0,130,win
0,145,0,0,133,0,222,loss
0,239,0,0,87,0,174,win
0,124,0,0,214,0,162,loss
0,0,0,0,0,0,1,win
59,74,85,99,69,64,50,loss
65,72,75,88,61,78,61,win
73,65,59,64,75,81,83,loss
59,65,82,54,88,95,57,win
60,81,63,79,81,66,70,loss
50,80,87,78,72,71,62,win
60,60,60,87,102,70,61,loss
61,59,91,84,95,62,48,win
69,74,77,86,68,54,72,loss
70,57,74,71,86,80,62,win
54,51,82,94,77,60,82,loss
79,52,63,82,97,65,62,win
1,1,1,1,0,1,0,loss
72,63,80,134,0,74,77,win
92,75,107,67,0,64,95,loss
89,72,90,88,0,84,77,win
96,74,79,76,0,73,102,loss
92,73,91,74,0,77,93,win
77,77,79,79,0,59,129,loss
79,91,95,67,0,89,79,win
85,90,88,90,0,72,75,loss
65,79,121,78,0,70,87,win
1,1,0,1,0,1,1,loss
100,132,0,94,0,69,105,win
93,102,0,103,0,96,106,loss
86,156,0,89,0,74,95,win
104,101,0,90,0,115,90,loss
0,0,0,0,0,0,0,win
1,1,0,0,0,0,0,loss
1,0,0,0,0,0,0,win
56,75,84,84,70,64,67,loss
59,67,76,88,73,76,61,win
63,62,87,89,62,72,65,loss
62,66,59,91,79,74,69,win
78,50,78,72,66,61,95,loss
70,65,94,87,60,63,61,win
69,58,75,84,80,54,80,loss
78,60,98,54,69,65,76,win
57,59,106,72,57,67,82,loss
70,63,65,67,84,82,69,win
55,61,61,88,69,82,84,loss
52,76,76,78,75,58,85,win
68,77,73,79,60,57,86,loss
69,84,71,61,68,67,80,win
78,82,64,64,45,72,95,loss
61,60,65,63,83,71,97,win
66,79,60,77,62,73,83,loss
86,70,87,94,86,77,0,win
105,118,78,0,85,114,0,loss
80,177,79,0,92,72,0,win
94,94,120,0,89,103,0,loss
123,79,108,0,107,83,0,win
85,108,106,0,110,91,0,loss
0,0,0,0,0,0,0,win
56,62,74,97,77,67,67,win
56,70,82,74,78,68,72,loss
67,50,77,94,71,84,57,win
75,65,65,88,69,64,74,loss
64,85,82,73,62,71,63,win
67,69,96,89,54,66,59,loss
59,55,94,76,62,69,85,win
67,56,86,70,88,75,58,loss
68,68,94,81,66,60,63,win
67,71,86,76,73,48,79,loss
68,69,72,101,90,47,53,win
78,81,66,69,78,61,67,loss
59,78,73,75,74,68,73,win
57,88,57,82,86,66,64,loss
69,64,45,111,77,65,69,win
76,68,83,80,58,54,81,loss
64,72,0,110,96,79,79,win
86,99,0,0,111,97,107,loss
86,77,0,0,153,95,89,win
93,101,0,0,106,99,101,loss
108,96,0,0,104,84,108,win
105,99,0,0,94,102,100,loss
0,0,0,0,0,0,0,win
57,66,95,94,69,56,63,loss
51,76,72,87,80,66,68,win
53,58,86,95,77,66,65,loss
66,69,85,85,60,77,58,win
70,52,79,75,63,75,86,loss
65,57,85,105,50,72,66,win
55,56,90,72,50,91,86,loss
77,67,78,60,58,77,83,win
58,77,78,81,72,68,66,loss
63,67,105,71,58,69,67,win
70,63,75,71,67,88,66,loss
84,64,85,72,51,83,61,win
1,1,0,1,1,1,1,loss
77,69,65,68,51,102,68,win
66,64,69,70,92,69,70,loss
67,73,79,67,59,86,69,win
73,73,80,59,74,80,61,loss
81,75,0,73,63,111,97,win
0,1,0,1,1,0,0,loss
111,88,0,133,72,0,96,win
92,80,0,112,121,0,95,loss
0,0,0,1,0,0,1,win
57,68,72,80,76,75,72,loss
66,79,73,70,70,73,69,win
66,60,62,89,73,73,77,loss
58,74,64,93,66,84,61,win
60,86,72,82,73,65,62,loss
63,68,64,59,94,70,82,win
88,66,56,81,93,61,55,loss
61,71,54,88,98,68,60,win
72,76,62,61,77,76,76,loss
65,76,67,81,68,67,76,win
70,82,57,93,74,53,71,loss
61,81,61,69,65,76,87,win
69,88,75,66,71,51,80,loss
78,92,54,59,61,56,100,win
62,99,79,71,81,34,74,loss
0,0,1,0,1,0,0,win
78,66,82,72,74,48,80,loss
1,1,0,1,1,1,1,win
74,63,85,61,67,64,86,loss
72,70,72,86,61,67,72,win
80,99,75,0,96,54,96,loss
105,0,115,0,75,96,109,win
70,0,226,0,65,58,81,loss
58,0,97,0,84,161,100,win
1,0,0,0,0,0,0,loss
1,0,0,0,1,0,1,win
66,67,80,87,85,53,62,win
69,56,83,97,69,62,64,loss
64,71,85,71,78,58,73,win
76,62,73,62,97,72,58,loss
83,94,66,80,69,62,46,win
0,0,0,1,0,0,1,loss
71,74,75,77,90,57,56,win
71,89,80,69,64,59,68,loss
76,64,80,73,78,68,61,win
49,65,114,99,55,61,57,loss
71,72,56,69,89,80,63,win
56,73,63,85,98,62,63,loss
72,61,87,61,73,70,76,win
55,81,74,73,55,88,74,loss
58,61,68,68,63,107,75,win
67,83,68,71,68,72,71,loss
1,0,1,1,1,0,1,win
65,82,84,85,56,56,72,loss
1,1,0,0,1,1,1,win
0,0,0,0,0,0,0,loss
0,0,0,1,1,0,1,win
76,79,81,81,73,50,60,win
51,69,71,99,58,77,75,loss
72,50,90,86,58,87,57,win
52,63,87,66,65,88,79,loss
75,47,83,98,57,66,74,win
70,64,61,77,55,78,95,loss
48,53,73,68,95,95,68,win
66,76,55,71,84,79,69,loss
65,65,76,94,80,54,66,win
64,60,75,82,78,56,85,loss
66,79,62,113,48,59,73,win
0,0,0,0,0,1,1,loss
67,69,73,63,75,72,81,win
55,73,86,62,86,58,80,loss
52,82,65,54,138,47,62,win
1,0,1,1,1,1,1,loss
55,78,86,66,61,71,83,win
69,83,77,59,55,67,90,loss
67,104,61,66,69,59,74,win
70,70,67,99,73,57,64,loss
98,88,76,0,88,62,88,win
0,0,0,0,0,0,0,loss
101,91,87,0,80,68,73,win
79,73,91,0,95,92,70,loss
84,90,101,0,78,69,78,win
82,59,92,0,74,104,89,loss
88,95,74,0,107,58,78,win
103,67,95,0,0,127,108,loss
1,1,0,0,0,0,0,win
1,1,1,0,0,0,1,loss
0,0,0,0,0,0,0,win
63,69,82,79,68,76,63,loss
71,66,80,81,75,72,55,win
79,84,63,80,68,61,65,loss
67,68,67,110,49,71,68,win
62,62,69,86,76,73,72,loss
61,55,94,87,67,68,68,win
61,57,84,85,61,78,74,loss
59,53,133,91,60,53,51,win
0,0,0,0,1,1,1,loss
72,65,64,108,58,72,61,win
63,83,60,75,71,75,73,loss
69,106,57,48,78,61,81,win
75,76,61,78,75,58,77,loss
57,96,62,75,76,63,71,win
66,86,75,68,72,65,68,loss
74,54,69,66,64,83,90,win
65,58,73,57,67,83,97,loss
68,54,51,69,87,82,89,win
51,67,59,70,86,101,66,loss
70,56,52,70,69,85,98,win
68,71,71,55,55,101,79,loss
52,70,49,55,45,115,114,win
68,65,96,65,84,61,61,loss
88,90,0,84,51,76,111,win
1,1,0,0,1,1,0,loss
113,106,0,108,76,97,0,win
77,116,0,112,87,108,0,loss
142,0,0,146,86,126,0,win
160,0,0,0,156,184,0,loss
216,0,0,0,120,164,0,win
114,0,0,0,156,230,0,loss
191,0,0,0,98,211,0,win
252,0,0,0,248,0,0,loss
1,0,0,0,0,0,0,win
60,87,83,67,74,60,69,loss
75,69,70,76,88,61,61,win
59,56,72,92,83,61,77,loss
88,75,90,66,79,59,43,win
64,78,69,87,90,54,58,loss
54,70,73,89,96,61,57,win
56,72,95,84,56,64,73,loss
53,85,60,102,73,63,64,win
64,62,68,94,98,54,60,loss
1,0,0,0,1,0,1,win
62,67,95,104,61,54,57,loss
58,62,110,69,70,60,71,win
53,68,83,83,71,68,74,loss
64,78,90,60,66,73,69,win
63,66,78,76,71,79,67,loss
68,82,65,78,62,78,67,win
1,0,0,0,0,0,1,loss
1,0,0,1,1,1,1,win
69,62,78,100,75,64,52,win
57,70,84,94,78,60,57,loss
64,64,92,70,75,72,63,win
73,105,66,70,81,50,55,loss
61,64,88,67,67,93,60,win
1,0,0,1,0,1,0,loss
56,57,98,79,62,93,55,win
67,55,82,75,81,74,66,loss
63,62,82,68,82,87,56,win
72,85,68,79,56,87,53,loss
69,60,74,100,70,64,63,win
59,74,74,101,77,61,54,loss
69,70,99,58,79,54,71,win
0,0,0,0,0,0,0,loss
81,83,58,80,75,67,56,win
63,81,68,79,65,80,64,loss
0,0,0,1,0,0,0,win
57,74,78,73,84,56,78,loss
1,1,1,1,0,1,1,win
60,59,112,75,63,66,65,loss
87,61,70,70,86,78,48,win
71,91,63,83,74,47,71,loss
0,0,1,0,0,0,0,win
55,0,66,127,111,70,71,loss
1,0,0,1,0,0,0,win
96,0,85,73,94,78,74,loss
53,0,83,94,69,119,82,win
1,0,1,0,0,0,1,loss
67,0,65,167,79,61,61,win
104,0,122,0,110,82,82,loss
102,0,0,0,148,135,115,win
221,0,0,0,0,125,154,loss
98,0,0,0,0,210,192,win
140,0,0,0,0,0,360,loss
209,0,0,0,0,0,291,win
0,0,0,0,0,0,0,loss
115,0,0,0,0,0,385,win
274,0,0,0,0,0,226,loss
0,0,0,0,0,0,0,win
250,0,0,0,0,0,250,loss
1,0,0,0,0,0,0,win
63,61,79,100,67,67,63,win
68,69,74,87,78,60,64,loss
70,69,91,70,79,65,56,win
93,79,56,60,83,67,62,loss
69,72,64,55,128,57,55,win
1,0,1,0,1,0,1,loss
0,0,1,1,0,0,0,win
58,60,72,88,84,71,67,win
64,71,89,60,75,72,69,loss
57,64,80,94,66,65,74,win
65,73,87,89,54,60,72,loss
59,54,83,79,78,61,86,win
66,62,72,72,74,88,66,loss
72,58,82,74,58,92,64,win
84,59,82,82,50,77,66,loss
57,59,82,71,85,56,90,win
70,56,71,86,56,82,79,loss
79,51,63,72,59,88,88,win
68,48,81,101,44,93,65,loss
0,0,0,0,0,0,0,win
87,71,93,0,64,114,71,loss
78,72,103,0,74,77,96,win
92,68,107,0,66,64,103,loss
89,65,103,0,74,73,96,win
109,81,86,0,70,66,88,loss
95,52,94,0,85,84,90,win
64,74,74,0,56,107,125,loss
83,70,91,0,83,88,85,win
95,107,66,0,59,70,103,loss
1,0,0,0,0,0,0,win
81,82,84,0,75,77,101,loss
108,83,76,0,62,88,83,win
0,0,1,0,1,0,0,loss
0,0,0,0,0,0,0,win
72,78,81,64,69,68,68,loss
67,62,72,82,72,78,67,win
47,70,88,81,50,89,75,loss
66,61,86,98,65,62,62,win
69,49,90,65,68,94,65,loss
49,61,76,95,61,91,67,win
0,1,1,0,0,0,0,loss
78,63,57,61,52,107,82,win
73,64,73,75,49,73,93,loss
81,66,88,57,58,69,81,win
65,51,78,83,65,63,95,loss
78,54,98,50,64,58,98,win
52,66,82,61,71,53,115,loss
0,0,0,0,0,0,0,win
76,61,80,74,65,75,69,loss
67,78,78,74,59,81,63,win
71,62,77,71,78,73,68,loss
1,0,0,0,0,0,0,win
66,73,76,86,78,61,60,win
65,70,74,79,81,73,58,loss
77,70,75,103,63,50,62,win
75,70,73,84,83,56,59,loss
81,77,51,81,84,56,70,win
57,92,61,103,75,48,64,loss
63,74,72,69,79,65,78,win
71,78,58,101,79,49,64,loss
1,0,0,0,1,1,1,win
72,96,93,0,111,58,70,loss
104,104,69,0,74,83,66,win
89,96,85,0,68,81,81,loss
76,100,97,0,80,84,63,win
86,74,75,0,88,95,82,loss
78,107,62,0,75,107,71,win
79,82,92,0,80,94,73,loss
91,102,68,0,85,89,65,win
0,0,0,0,0,0,0,loss
55,87,72,0,73,130,83,win
77,80,92,0,67,110,74,loss
96,60,61,0,96,96,91,win
87,73,91,0,84,76,89,loss
1,1,0,0,1,1,0,win
70,80,75,83,73,58,61,win
66,69,70,66,79,82,68,loss
63,73,90,81,62,72,59,win
71,86,72,85,65,64,57,loss
60,78,72,95,46,69,80,win
50,90,91,84,50,78,57,loss
42,85,68,113,50,90,52,win
1,1,1,0,1,1,1,loss
57,82,85,68,52,80,76,win
72,63,78,67,71,83,66,loss
67,59,64,50,66,117,77,win
72,57,66,81,92,70,62,loss
61,68,73,58,63,68,109,win
63,79,80,77,79,57,65,loss
56,62,92,76,76,63,75,win
63,84,57,75,75,71,75,loss
64,83,79,68,62,78,66,win
71,73,69,75,73,68,71,loss
84,76,69,64,64,69,74,win
75,79,65,63,73,78,67,loss
59,94,72,65,62,74,74,win
69,66,66,70,86,74,69,loss
1,1,1,1,0,1,1,win
68,52,88,86,79,60,67,win
68,61,82,79,79,72,59,loss
67,61,70,91,74,73,64,win
63,77,79,78,82,53,68,loss
96,98,64,71,71,47,53,win
0,1,1,1,0,0,0,loss
64,71,72,89,83,58,63,win
76,62,77,96,75,61,53,loss
64,69,71,87,67,64,78,win
62,57,78,85,79,76,63,loss
85,59,69,66,68,86,67,win
56,76,105,56,62,81,64,loss
70,60,74,59,72,100,65,win
70,77,84,61,70,83,55,loss
0,0,0,0,1,0,0,win
85,61,51,84,64,93,62,loss
78,62,63,83,68,79,67,win
96,99,86,0,74,87,58,loss
86,94,79,0,81,85,75,win
71,102,74,0,91,89,73,loss
85,124,68,0,90,74,59,win
75,92,79,0,72,113,69,loss
75,87,94,0,80,91,73,win
97,100,0,0,85,141,77,loss
1,0,0,0,0,0,0,win
136,122,0,0,122,0,120,loss
131,147,0,0,112,0,110,win
254,0,0,0,109,0,137,loss
0,0,0,0,1,0,1,win
123,0,0,0,227,0,150,loss
0,0,0,0,0,0,0,win
71,53,69,95,67,68,77,loss
67,62,77,87,83,59,65,win
48,93,80,60,81,81,57,loss
75,65,92,64,76,64,64,win
65,92,72,73,65,71,62,loss
62,112,51,69,79,76,51,win
65,64,55,74,90,89,63,loss
67,66,66,85,61,75,80,win
53,63,58,84,57,82,103,loss
1,1,0,1,0,0,1,win
71,55,59,95,84,68,68,loss
88,77,49,50,79,89,68,win
85,60,65,68,80,70,72,loss
66,80,52,57,116,72,57,win
1,1,0,1,1,0,0,loss
0,0,0,0,0,0,0,win
55,84,81,78,83,70,49,win
66,78,59,101,83,46,67,loss
89,60,80,71,88,53,59,win
64,61,60,81,106,53,75,loss
81,66,60,108,67,66,52,win
88,86,56,84,75,43,68,loss
64,80,87,66,65,64,74,win
59,69,83,66,91,59,73,loss
56,62,92,66,67,84,73,win
86,61,75,80,91,49,58,loss
1,1,1,1,0,1,1,win
90,60,110,86,0,76,78,loss
83,73,108,79,0,78,79,win
78,72,80,141,0,66,63,loss
90,91,88,97,0,56,78,win
102,75,71,78,0,81,93,loss
106,77,82,77,0,87,71,win
70,70,97,87,0,93,83,loss
88,75,93,88,0,75,81,win
120,78,0,116,0,86,100,loss
87,112,0,110,0,96,95,win
0,0,0,0,0,0,0,loss
0,0,0,1,0,1,0,win
0,0,0,0,0,0,0,loss
121,86,0,115,0,100,78,win
96,128,0,115,0,61,100,loss
1,0,0,0,0,0,1,win
85,111,0,130,0,86,88,loss
161,112,0,0,0,114,113,win
0,186,0,0,0,139,175,loss
0,0,0,0,0,151,349,win
0,0,0,0,0,233,267,loss
0,0,0,0,0,203,297,win
0,0,0,0,0,239,261,loss
0,0,0,0,0,243,257,win
0,0,0,0,0,250,250,loss
0,0,0,0,0,0,0,win
65,85,65,76,56,72,81,win
79,67,105,87,46,60,56,loss
65,77,89,73,66,77,53,win
50,58,80,74,87,82,69,loss
67,62,64,73,72,92,70,win
53,60,73,63,111,80,60,loss
56,75,87,76,92,71,43,win
63,79,80,70,69,73,66,loss
71,57,67,73,81,78,73,win
62,104,82,58,71,61,62,loss
60,63,88,62,90,71,66,win
1,0,1,1,0,1,1,loss
65,79,80,109,0,101,66,win
81,95,85,83,0,73,83,loss
80,117,63,94,0,82,64,win
94,87,75,64,0,109,71,loss
77,98,85,80,0,73,87,win
102,70,91,64,0,97,76,loss
78,78,87,99,0,90,68,win
0,1,1,0,0,1,1,loss
0,0,1,0,0,0,0,win
1,0,0,0,0,0,0,loss
1,0,1,0,0,1,0,win
1,1,0,0,0,1,0,loss
1,1,0,1,0,1,1,win
0,0,0,1,0,0,1,loss
76,89,0,89,0,165,81,win
100,87,0,107,0,107,99,loss
71,97,0,128,0,87,117,win
132,131,0,0,0,113,124,loss
0,0,0,0,0,1,1,win
122,122,0,0,0,125,131,loss
127,123,0,0,0,123,127,win
0,0,0,0,0,0,0,loss
1,0,0,0,0,0,0,win
66,67,75,80,90,61,61,loss
72,72,66,82,89,58,61,win
58,54,89,97,72,69,61,loss
56,67,87,68,63,87,72,win
46,98,75,95,63,73,50,loss
1,1,0,1,1,0,1,win
64,66,92,89,72,64,53,loss
54,65,92,72,73,73,71,win
77,58,67,82,81,69,66,loss
54,61,81,116,73,57,58,win
0,0,0,0,0,0,0,loss
51,66,57,91,121,63,51,win
83,94,55,78,66,60,64,loss
1,0,0,1,1,1,1,win
57,63,77,87,72,79,65,win
51,74,88,76,63,81,67,loss
74,44,70,97,82,68,65,win
75,57,82,94,55,68,69,loss
56,71,73,87,67,65,81,win
62,65,75,65,88,75,70,loss
51,55,94,68,88,69,75,win
61,55,81,62,113,61,67,loss
66,73,75,42,128,63,53,win
73,64,79,66,60,81,77,loss
71,73,42,67,75,91,81,win
0,1,0,0,0,0,0,loss
74,76,52,66,67,65,100,win
63,69,75,90,53,81,69,loss
70,63,58,70,102,63,74,win
65,62,69,96,78,64,66,loss
69,99,68,0,115,67,82,win
0,0,0,0,0,0,0,loss
104,99,85,0,0,116,96,win
81,85,133,0,0,120,81,loss
1,1,0,0,0,0,0,win
0,0,0,0,0,0,0,loss
0,1,0,0,0,1,1,win
59,65,78,107,63,68,60,win
72,64,65,72,73,87,67,loss
64,89,80,84,49,72,62,win
86,72,96,79,59,56,52,loss
52,71,75,84,76,71,71,win
64,73,96,74,58,80,55,loss
73,77,85,86,43,73,63,win
0,0,1,0,0,1,0,loss
76,75,112,56,49,64,68,win
77,60,81,73,65,85,59,loss
76,54,75,60,54,97,84,win
67,56,62,72,79,78,86,loss
90,74,90,54,60,57,75,win
64,60,73,87,86,69,61,loss
74,64,81,64,73,79,65,win
75,64,76,60,78,76,71,loss
65,76,86,64,52,72,85,win
0,1,0,1,1,0,1,loss
86,113,0,96,50,77,78,win
66,99,0,89,92,81,73,loss
100,98,0,84,57,82,79,win
85,93,0,70,87,85,80,loss
94,109,0,69,64,77,87,win
0,0,0,0,0,1,0,loss
0,1,0,0,0,1,0,win
72,84,66,72,76,70,60,loss
69,67,89,80,77,65,53,win
68,64,81,85,81,68,53,loss
55,84,63,100,54,88,56,win
70,83,80,66,64,80,57,loss
51,81,55,61,83,89,80,win
62,108,64,86,58,67,55,loss
1,0,1,0,1,1,1,win
60,56,52,97,84,82,69,loss
51,59,68,77,86,96,63,win
71,59,80,83,47,90,70,loss
66,78,74,70,76,66,70,win
67,55,68,86,64,89,71,loss
62,62,95,64,64,73,80,win
60,58,115,83,40,80,64,loss
63,59,53,102,81,77,65,win
63,64,81,74,57,96,65,loss
0,0,0,0,0,0,0,win
76,78,92,91,59,0,104,loss
69,97,70,79,101,0,84,win
1,1,1,1,0,0,1,loss
1,1,1,1,0,0,1,win
88,59,95,89,89,0,80,loss
1,0,0,0,0,0,1,win
55,72,77,92,71,59,74,win
64,72,84,69,82,77,52,loss
67,52,79,90,59,67,86,win
63,55,88,98,55,76,65,loss
74,59,82,70,53,71,91,win
70,48,64,82,79,87,70,loss
69,65,75,52,80,83,76,win
77,61,81,67,57,79,78,loss
83,66,75,64,53,61,98,win
77,66,86,71,50,74,76,loss
1,0,0,0,1,1,1,win
52,60,67,119,49,74,79,loss
75,53,53,90,72,62,95,win
1,0,1,0,0,1,0,loss
98,76,64,86,60,57,59,win
64,61,55,108,51,79,82,loss
1,1,1,0,1,1,1,win
88,94,72,0,78,89,79,loss
83,88,76,0,83,116,54,win
77,91,95,0,74,85,78,loss
70,64,78,0,82,121,85,win
0,0,0,0,0,0,0,loss
74,59,94,0,69,83,121,win
80,94,78,0,77,81,90,loss
67,120,84,0,94,73,62,win
101,67,80,0,89,85,78,loss
84,87,90,0,74,79,86,win
101,96,0,0,99,94,110,loss
108,133,0,0,126,133,0,win
136,167,0,0,90,107,0,loss
104,159,0,0,114,123,0,win
233,0,0,0,114,153,0,loss
77,0,0,0,240,183,0,win
0,0,0,0,0,1,0,loss
1,0,0,0,0,1,0,win
66,80,83,76,69,61,65,win
78,61,59,95,71,73,63,loss
60,50,89,95,56,69,81,win
65,71,59,80,62,81,82,loss
61,65,80,68,86,73,67,win
70,71,73,67,78,68,73,loss
61,51,83,85,86,62,72,win
58,58,80,93,82,54,75,loss
62,63,82,68,105,67,53,win
57,68,63,108,65,65,74,loss
82,57,66,94,86,59,56,win
62,57,103,47,79,63,89,loss
58,71,64,59,107,84,57,win
1,0,1,0,0,1,1,loss
71,74,90,106,0,71,88,win
99,75,116,0,0,103,107,loss
88,72,142,0,0,103,95,win
178,71,68,0,0,81,102,loss
90,73,100,0,0,131,106,win
111,104,100,0,0,54,131,loss
113,67,104,0,0,131,85,win
97,118,97,0,0,91,97,loss
1,0,0,0,0,0,1,win
88,158,62,0,0,60,132,loss
50,95,102,0,0,165,88,win
1,0,1,0,0,0,1,loss
49,83,164,0,0,111,93,win
0,1,0,0,0,0,0,loss
1,0,0,0,0,1,0,win
52,56,81,106,52,76,77,loss
68,64,78,81,81,78,50,win
78,70,67,65,83,66,71,loss
72,96,71,71,76,51,63,win
47,65,69,94,78,75,72,loss
71,74,48,94,93,59,61,win
50,91,62,81,63,94,59,loss
65,84,54,64,69,86,78,win
66,70,61,80,88,66,69,loss
53,94,58,60,115,70,50,win
83,87,66,67,51,79,67,loss
63,85,79,77,73,65,58,win
65,69,74,59,62,96,75,loss
52,79,75,63,58,113,60,win
68,80,85,59,65,75,68,loss
1,1,0,0,0,1,0,win
65,59,62,81,86,77,70,win
65,66,72,108,63,62,64,loss
70,61,68,79,90,73,59,win
66,69,58,82,97,67,61,loss
69,67,73,91,67,61,72,win
89,88,60,76,78,52,57,loss
48,91,77,55,88,69,72,win
69,69,64,75,92,67,64,loss
62,87,60,75,86,56,74,win
59,85,41,84,99,77,55,loss
0,0,0,0,0,0,0,win
80,83,53,114,0,92,78,loss
72,97,86,84,0,75,86,win
0,0,0,0,0,0,0,loss
121,74,72,89,0,68,76,win
96,74,65,92,0,92,81,loss
89,88,93,79,0,66,85,win
0,1,0,0,0,1,0,loss
84,80,87,84,0,78,87,win
64,72,122,88,0,78,76,loss
1,0,1,0,0,1,1,win
83,104,79,70,0,89,75,loss
70,87,80,98,0,80,85,win
85,59,100,109,0,75,72,loss
0,0,0,0,0,0,0,win
112,91,103,0,0,95,99,loss
85,106,109,0,0,104,96,win
132,125,0,0,0,123,120,loss
0,1,0,0,0,0,1,win
0,146,0,0,0,216,138,loss
0,87,0,0,0,306,107,win
0,208,0,0,0,179,113,loss
0,0,0,0,0,331,169,win
0,0,0,0,0,245,255,loss
0,0,0,0,0,0,0,win
56,67,74,83,93,62,65,win
55,83,75,70,80,71,66,loss
51,73,73,96,70,68,69,win
52,67,65,81,65,107,63,loss
83,76,53,95,76,73,44,win
72,78,48,78,67,93,64,loss
57,93,53,79,62,87,69,win
63,69,54,78,85,88,63,loss
1,0,0,0,1,0,0,win
76,64,60,93,77,50,80,loss
62,80,65,72,76,63,82,win
67,68,79,91,69,54,72,loss
74,66,72,99,91,50,48,win
78,87,77,70,72,56,60,loss
62,92,84,65,66,70,61,win
66,47,80,89,82,60,76,loss
88,72,95,0,74,83,88,win
81,72,96,0,91,82,78,loss
0,1,0,0,1,1,1,win
78,62,76,95,76,73,40,win
57,74,79,80,77,64,69,loss
67,57,81,57,81,79,78,win
82,80,56,79,79,67,57,loss
56,76,72,62,126,59,49,win
0,0,0,0,0,0,0,loss
0,0,0,0,0,0,0,win
65,72,66,85,72,70,70,win
65,75,67,76,75,69,73,loss
46,77,69,69,88,81,70,win
69,68,89,66,64,78,66,loss
62,51,71,64,89,75,88,win
54,55,74,84,82,72,79,loss
54,52,58,77,111,68,80,win
1,1,1,1,0,1,1,loss
47,62,68,96,59,82,86,win
49,65,124,54,59,49,100,loss
0,0,0,0,0,0,0,win
54,80,98,85,56,50,77,loss
1,0,0,1,0,0,1,win
55,94,81,56,51,69,94,loss
58,79,78,82,67,67,69,win
62,93,83,71,63,53,75,loss
42,117,86,65,61,61,68,win
87,58,68,79,68,67,73,loss
0,1,1,0,0,1,0,win
68,58,93,77,78,65,61,win
57,76,96,91,48,78,54,loss
51,79,68,95,74,61,72,win
65,89,81,70,80,58,57,loss
48,76,87,58,71,102,58,win
0,0,1,1,0,1,1,loss
53,71,59,100,73,81,63,win
66,72,77,92,68,70,55,loss
77,60,87,68,55,77,76,win
63,96,61,97,69,61,53,loss
64,66,84,80,55,80,71,win
48,57,83,106,83,59,64,loss
1,1,1,0,1,1,1,win
70,69,92,0,99,89,81,loss
56,63,121,0,79,98,83,win
0,1,0,0,1,1,1,loss
106,107,0,0,93,104,90,win
95,87,0,0,106,100,112,loss
73,92,0,0,118,129,88,win
92,119,0,0,106,94,89,loss
93,140,0,0,65,109,93,win
73,98,0,0,105,120,104,loss
81,101,0,0,106,149,63,win
1,1,0,0,0,1,0,loss
0,0,0,0,0,0,1,win
69,88,0,0,99,131,113,loss
123,112,0,0,121,82,62,win
98,119,0,0,101,88,94,loss
125,104,0,0,107,98,66,win
74,111,0,0,106,96,113,loss
1,1,0,0,1,1,0,win
65,71,74,91,55,71,73,win
61,76,74,75,82,65,67,loss
82,77,52,77,67,69,76,win
78,82,87,59,70,69,55,loss
74,64,75,75,75,66,71,win
60,56,86,103,80,51,64,loss
66,77,66,79,89,49,74,win
88,59,73,72,80,68,60,loss
69,60,89,76,93,58,55,win
0,1,1,1,0,1,0,loss
59,44,105,98,51,66,77,win
64,69,85,103,52,60,67,loss
65,55,100,102,60,51,67,win
75,58,102,77,58,55,75,loss
73,52,77,73,62,88,75,win
77,63,63,76,64,78,79,loss
61,61,76,80,54,93,75,win
86,74,66,70,70,60,74,loss
89,44,68,68,56,107,68,win
0,0,0,1,0,0,0,loss
76,64,76,93,58,57,76,win
1,1,1,1,1,1,0,loss
64,55,90,73,64,59,95,win
0,0,0,0,1,1,0,loss
87,63,87,76,64,69,54,win
79,70,69,72,75,62,73,loss
80,48,86,77,67,74,68,win
0,0,0,0,0,1,0,loss
1,1,0,1,1,1,1,win
63,68,89,83,69,70,58,loss
68,79,65,75,62,68,83,win
70,54,72,95,78,67,64,loss
64,100,75,61,78,64,58,win
62,55,70,67,88,88,70,loss
0,0,0,1,0,0,0,win
56,69,63,83,78,80,71,loss
54,68,69,102,65,88,54,win
49,88,90,53,79,79,62,loss
62,80,75,68,96,60,59,win
71,93,63,90,60,67,56,loss
39,52,131,90,82,57,49,win
0,0,0,0,0,0,0,loss
45,51,63,71,151,60,59,win
0,0,0,0,1,0,0,loss
50,67,71,55,91,110,56,win
0,0,0,0,0,0,0,loss
1,1,1,0,1,1,1,win
57,56,82,80,56,91,78,loss
62,75,52,106,63,80,62,win
59,68,80,88,56,70,79,loss
74,66,88,83,51,74,64,win
64,99,73,57,78,68,61,loss
67,70,79,73,60,80,71,win
74,91,57,85,64,68,61,loss
63,86,77,66,73,72,63,win
55,68,114,85,58,68,52,loss
59,97,70,79,68,66,61,win
78,74,68,86,72,62,60,loss
53,107,76,74,49,67,74,win
1,0,1,0,0,0,0,loss
72,0,93,89,78,88,80,win
76,0,84,93,92,76,79,loss
0,0,0,0,0,0,1,win
56,0,117,66,98,80,83,loss
77,0,83,79,79,104,78,win
88,0,81,80,81,89,81,loss
77,0,125,80,79,68,71,win
87,0,88,93,70,88,74,loss
101,0,102,0,103,97,97,win
122,0,0,0,117,130,131,loss
94,0,0,0,106,135,165,win
125,0,0,0,122,126,127,loss
105,0,0,0,95,106,194,win
140,0,0,0,118,131,111,loss
0,0,0,0,1,0,0,win
106,0,0,0,158,142,94,loss
0,0,0,0,0,1,0,win
58,64,92,90,62,79,55,loss
63,74,54,83,81,76,69,win
53,62,66,100,61,78,80,loss
56,70,56,70,90,91,67,win
67,60,74,61,83,70,85,loss
64,68,83,79,59,75,72,win
73,54,91,81,72,66,63,loss
67,61,66,64,69,80,93,win
70,64,81,98,53,69,65,loss
68,75,67,86,73,74,57,win
46,55,83,67,84,79,86,loss
67,70,69,80,62,62,90,win
65,66,89,69,68,70,73,loss
51,67,86,64,80,78,74,win
76,84,68,72,51,78,71,loss
77,52,75,89,66,73,68,win
73,68,69,85,67,68,70,loss
87,77,73,0,90,99,74,win
75,86,63,0,73,127,76,loss
85,58,87,0,113,91,66,win
89,102,79,0,74,84,72,loss
93,103,67,0,73,96,68,win
72,98,79,0,83,89,79,loss
74,107,75,0,66,72,106,win
78,96,62,0,76,97,91,loss
123,0,103,0,65,109,100,win
92,0,107,0,113,97,91,loss
0,0,0,0,0,1,0,win
62,81,78,75,69,80,55,win
70,70,78,83,80,69,50,loss
64,71,72,90,74,74,55,win
58,73,70,72,70,89,68,loss
48,72,54,76,97,75,78,win
65,69,70,66,82,82,66,loss
64,82,58,56,81,99,60,win
55,88,80,59,78,62,78,loss
54,79,73,79,57,93,65,win
65,91,72,72,58,56,86,loss
42,84,63,83,71,86,71,win
0,1,0,0,0,0,1,loss
53,101,88,86,80,0,92,win
92,65,86,100,70,0,87,loss
53,92,103,102,66,0,84,win
124,77,75,83,52,0,89,loss
78,86,76,91,74,0,95,win
96,70,85,113,58,0,78,loss
77,85,62,80,91,0,105,win
103,68,78,129,48,0,74,loss
1,0,0,0,1,0,1,win
86,98,116,0,86,0,114,loss
1,0,0,0,0,0,0,win
57,61,78,100,74,61,69,win
64,73,78,75,81,66,63,loss
86,65,69,77,86,53,64,win
85,67,57,91,75,55,70,loss
69,94,75,75,82,53,52,win
98,51,92,83,69,49,58,loss
55,66,66,95,86,64,68,win
91,80,56,81,77,53,62,loss
91,91,53,68,69,67,61,win
71,113,55,84,72,48,57,loss
68,95,59,82,81,48,67,win
74,70,63,83,70,63,77,loss
88,61,48,73,82,80,68,win
64,68,52,77,85,69,85,loss
97,68,67,60,83,55,70,win
0,1,0,1,1,0,0,loss
0,91,65,68,108,78,90,win
0,73,95,84,82,95,71,loss
0,1,0,0,0,1,0,win
61,82,68,104,68,68,49,loss
59,83,80,78,71,65,64,win
61,83,51,75,72,76,82,loss
61,63,73,67,69,96,71,win
57,101,74,73,62,76,57,loss
63,79,64,86,63,80,65,win
72,104,52,73,53,86,60,loss
1,0,1,1,0,1,1,win
87,83,65,63,67,85,50,loss
60,59,55,95,55,94,82,win
72,67,50,85,57,102,67,loss
53,56,53,118,66,100,54,win
1,1,0,0,0,0,0,loss
55,77,55,55,75,120,63,win
86,73,68,63,68,56,86,loss
71,61,86,66,83,59,74,win
91,64,86,54,67,57,81,loss
89,58,80,65,76,61,71,win
86,78,105,84,55,42,50,loss
0,0,0,1,0,0,0,win
78,80,60,60,85,68,69,loss
106,63,56,51,77,72,75,win
0,0,0,0,0,0,0,loss
0,97,60,74,123,74,72,win
0,0,0,0,0,0,0,loss
0,74,93,83,110,67,73,win
0,79,88,81,86,86,80,loss
0,1,0,0,0,0,0,win
61,74,78,99,59,81,48,win
61,60,77,80,81,63,78,loss
60,73,78,84,76,68,61,win
73,70,65,74,85,55,78,loss
55,74,52,108,100,60,51,win
1,1,1,0,1,1,1,loss
81,72,61,68,96,55,67,win
63,79,66,79,77,67,69,loss
71,77,84,69,84,57,58,win
72,84,81,58,81,61,63,loss
67,78,67,71,78,78,61,win
1,1,1,1,0,1,1,loss
81,104,59,80,0,90,86,win
94,118,91,68,0,63,66,loss
96,101,66,71,0,81,85,win
62,103,104,77,0,68,86,loss
83,99,85,88,0,97,48,win
79,87,102,80,0,67,85,loss
68,81,81,110,0,74,86,win
111,86,109,0,0,102,92,loss
102,103,72,0,0,109,114,win
111,99,90,0,0,82,118,loss
111,93,98,0,0,84,114,win
126,78,117,0,0,78,101,loss
144,77,64,0,0,121,94,win
82,100,139,0,0,77,102,loss
1,1,0,0,0,1,1,win
1,1,0,0,0,1,1,loss
104,95,98,0,0,96,107,win
100,99,99,0,0,100,102,loss
101,100,98,0,0,98,103,win
124,121,124,0,0,131,0,loss
130,130,116,0,0,124,0,win
119,118,118,0,0,145,0,loss
0,1,0,0,0,0,0,win
60,78,67,95,75,66,59,win
68,74,74,76,82,67,59,loss
77,79,77,83,92,56,36,win
65,78,70,76,99,56,56,loss
78,66,78,81,62,57,78,win
78,67,85,82,78,57,53,loss
71,65,80,102,74,49,59,win
1,0,0,0,0,0,0,loss
65,53,101,67,66,67,81,win
66,73,59,82,76,62,82,loss
51,79,75,67,94,55,79,win
1,0,0,0,1,0,0,loss
0,0,0,0,1,0,0,win
73,77,73,73,78,65,61,loss
57,72,62,92,75,69,73,win
73,67,58,99,84,66,53,loss
108,73,69,80,49,67,54,win
101,80,64,66,70,57,62,loss
69,67,74,73,81,51,85,win
60,80,90,76,71,65,58,loss
69,60,86,69,73,68,75,win
74,45,70,88,102,49,72,loss
63,54,82,96,84,44,77,win
56,64,70,79,86,60,85,loss
1,0,1,0,0,0,0,win
0,0,0,1,1,1,1,loss
60,67,97,72,52,71,81,win
58,72,82,65,57,68,98,loss
65,69,87,108,66,36,69,win
0,0,0,0,0,0,0,loss
63,111,92,87,41,44,62,win
0,0,0,0,1,0,0,loss
0,0,0,0,1,1,0,win
45,74,103,82,74,63,59,loss
82,66,58,91,87,65,51,win
59,60,71,77,65,80,88,loss
75,61,90,82,50,62,80,win
71,53,80,88,59,56,93,loss
50,73,92,81,66,57,81,win
56,67,82,71,46,70,108,loss
0,1,1,1,1,1,0,win
61,62,88,95,65,62,67,loss
60,66,97,65,73,76,63,win
0,0,0,0,0,0,0,loss
79,70,65,102,47,76,61,win
54,88,58,81,75,72,72,loss
69,74,56,88,62,88,63,win
68,77,57,80,66,88,64,loss
93,87,57,77,45,77,64,win
0,0,0,1,0,0,0,loss
71,112,56,78,45,73,65,win
65,67,62,70,64,107,65,loss
90,68,58,79,53,80,72,win
0,1,0,0,0,0,0,loss
0,0,0,0,0,1,0,win
73,58,76,102,67,55,69,win
73,70,84,77,70,51,75,loss
55,43,80,81,76,79,86,win
60,63,84,85,59,83,66,loss
62,63,53,92,93,75,62,win
0,1,1,1,1,0,0,loss
71,54,66,90,91,65,63,win
62,48,95,76,79,71,69,loss
56,50,67,66,85,101,75,win
52,70,96,77,73,71,61,loss
0,0,0,0,0,0,1,win
66,73,58,73,82,90,58,loss
46,46,58,96,80,102,72,win
64,46,68,121,67,50,84,loss
64,51,53,86,84,78,84,win
66,61,66,71,88,74,74,loss
65,62,88,87,55,55,88,win
74,55,69,72,86,72,72,loss
76,53,73,69,75,85,69,win
83,98,59,52,79,69,60,loss
0,0,0,0,0,0,0,win
63,91,73,60,76,85,52,loss
65,70,67,74,65,81,78,win
83,97,73,78,111,0,58,loss
1,0,1,1,0,0,1,win
65,67,70,90,81,66,61,win
64,90,86,69,55,62,74,loss
56,73,73,79,67,91,61,win
61,77,75,67,82,73,65,loss
59,63,69,77,72,93,67,win
64,96,50,68,69,80,73,loss
67,67,48,89,74,83,72,win
64,101,59,80,67,71,58,loss
0,0,1,1,0,0,1,win
75,51,61,87,88,77,61,loss
55,65,47,76,87,97,73,win
0,0,0,0,0,0,0,loss
52,83,52,116,88,54,55,win
0,1,0,0,0,0,0,loss
74,54,51,74,121,65,61,win
82,77,68,63,76,64,70,loss
69,65,60,51,91,90,74,win
75,74,76,69,76,75,55,loss
72,54,63,80,59,102,70,win
79,61,65,79,65,67,84,loss
87,69,76,64,63,65,76,win
64,62,68,95,61,66,84,loss
50,71,79,104,74,53,69,win
79,74,86,0,88,92,81,loss
100,115,71,0,91,0,123,win
1,1,1,0,1,0,0,loss
105,91,85,0,105,0,114,win
98,98,110,0,103,0,91,loss
0,0,0,0,0,0,1,win
68,76,77,96,63,57,63,loss
78,60,64,70,67,76,85,win
63,72,103,60,72,63,67,loss
65,90,65,57,85,69,69,win
66,74,74,73,66,85,62,loss
0,1,0,1,0,0,1,win
75,54,92,71,80,56,72,loss
63,43,76,93,107,59,59,win
65,47,108,60,90,78,52,loss
0,1,0,0,1,0,1,win
57,53,58,85,108,66,73,loss
55,65,57,86,76,79,82,win
64,64,47,85,68,84,88,loss
56,69,68,115,73,50,69,win
76,67,56,105,67,61,68,loss
66,100,67,73,52,76,66,win
65,68,80,59,77,85,66,loss
0,0,0,0,0,0,1,win
45,78,57,75,73,85,87,loss
50,114,43,85,73,70,65,win
0,0,0,1,0,0,0,loss
1,0,0,0,0,0,1,win
67,69,83,99,72,57,53,win
58,82,77,77,62,77,67,loss
61,64,65,89,73,63,85,win
63,81,60,80,71,85,60,loss
54,92,60,88,69,70,67,win
62,63,66,84,70,93,62,loss
47,72,78,92,63,74,74,win
1,1,1,0,1,0,1,loss
63,86,62,78,64,73,74,win
50,72,53,61,81,107,76,loss
1,1,1,0,0,0,1,win
65,84,61,58,63,77,92,loss
53,108,79,65,48,72,75,win
0,0,0,1,0,1,0,loss
63,83,99,48,50,76,81,win
68,80,75,63,86,56,72,loss
62,78,105,55,60,74,66,win
0,0,0,0,0,0,0,loss
1,0,1,0,0,1,0,win
79,62,69,90,84,71,45,loss
64,69,73,82,73,84,55,win
49,90,81,76,62,72,70,loss
66,66,103,66,74,70,55,win
81,58,89,80,70,65,57,loss
51,74,84,105,73,64,49,win
65,63,85,79,81,68,59,loss
63,71,89,78,53,103,43,win
74,90,94,73,42,77,50,loss
0,0,0,0,0,0,0,win
69,81,70,81,51,89,59,loss
66,61,59,96,62,83,73,win
76,84,51,118,50,69,52,loss
63,81,69,78,49,107,53,win
79,104,69,60,66,57,65,loss
0,0,0,0,0,0,0,win
75,98,77,64,55,69,62,loss
0,0,0,0,0,0,0,win
90,65,44,96,49,73,83,loss
0,1,0,1,1,1,1,win
93,72,69,85,56,65,60,loss
0,0,0,1,0,0,0,win
65,76,91,76,75,54,63,loss
79,80,0,82,78,94,87,win
78,79,0,103,88,70,82,loss
78,107,0,0,117,104,94,win
74,106,0,0,108,105,107,loss
0,0,0,0,0,0,1,win
